,预售证号,日期,项目名称,发展商,项目坐落,栋号,住宅面积,商业面积,办公面积,其他面积,住宅套数,商业套数,办公套数,其他套数
0,肇鼎预许字第2019051号,2019年9月26日,肇庆市应急安全示范小区30幢（住宅）,肇庆市兴融房地产开发有限公司,肇庆市鼎湖区坑口59区（B-59-06-A）桃园路东8号,30幢（住宅）2层/8套,1449.8,0,0,0,8,0,0,0
1,肇鼎预许字第2019050号,2019年9月26日,肇庆市应急安全示范小区29幢（住宅）,肇庆市兴融房地产开发有限公司,肇庆市鼎湖区坑口59区（B-59-06-A）桃园路东8号,29幢（住宅）2层/9套,1732.38,0,0,0,9,0,0,0
2,肇鼎预许字第2019049号,2019年9月26日,肇庆市应急安全示范小区28幢（住宅）,肇庆市兴融房地产开发有限公司,肇庆市鼎湖区坑口59区（B-59-06-A）桃园路东8号,28幢（住宅）2层/4套,753.61,0,0,0,4,0,0,0
3,肇鼎预许字第2019048号,2019年9月26日,山林湖尚城A区8号楼,肇庆市广新汇富房地产发展有限公司,鼎湖区新城58区港口路山林湖尚城,A区8号楼（7层）/46套,3601.08,385.63,0,0,36,10,0,0
4,肇鼎预许字第2019047号,2019年9月25日,美的碧桂园天合园4号楼,肇庆市鼎湖区美肇房地产开发有限公司,肇庆市鼎湖区北二区（B-n2-01、B-n2-02）,4号楼  25层/96套,10669.92,0,0,0,96,0,0,0
5,肇鼎预许字第2019046号,2019年9月20日,天禧花园,肇庆市龙光骏驰房地产有限公司,肇庆市鼎湖区同兴路28号,13栋26层/102套,10973.52,0,0,0,102,0,0,0
6,肇鼎预许字第2019045号,2019年9月12日,中新金盛豪苑二期C幢,肇庆市鼎湖城建房地产有限公司,肇庆市鼎湖区50区（50-01-B）,C幢 17层/146套,15047.83,1916.14,0,0,126,20,0,0
7,肇鼎预许字第2019044号,2019年8月30日,鼎湖瑞和家园二期G幢,肇庆市瑞和豪苑房地产开发有限公司,鼎湖区新城七区创业路北侧,G幢25层/77套,8624.77,392.81,0,0,72,5,0,0
8,肇鼎预许字第2019043号,2019年8月30日,鼎湖瑞和家园二期F幢,肇庆市瑞和豪苑房地产开发有限公司,鼎湖区新城七区创业路北侧,F幢25层/78套,8491.93,642.99,0,0,72,6,0,0
9,肇鼎预许字第2019042号,2019年8月30日,恒泰悦�Z府,肇庆市骏龙智能自动化科技有限公司,肇庆市鼎湖区新城64区,6号楼  18层/36套,5073.48,0,0,0,36,0,0,0
10,肇鼎预许字第2019041号,2019年8月28日,碧桂园都荟花园8号楼,肇庆市鼎湖区碧桂园新碧房地产开发有限公司,肇庆市鼎湖区坑口街道66区桂湾路6号,8号楼/24层/96套,11336.94,0,0,0,96,0,0,0
11,肇鼎预许字第2019040号,2019年8月26日,中新金盛豪苑二期D幢,肇庆市鼎湖城建房地产有限公司,肇庆市鼎湖区50区（50-01-B）,D幢  11层/147套,13872.4,1449.31,0,0,130,17,0,0
12,肇鼎预许字第2019039号,2019年8月16日,涛汇翠湖湾花园,肇庆市鼎湖区涛汇房产开发有限公司,鼎湖区西三区（W03-10）,3号楼(17层）、4号楼（17层）/177套,14480.8,700.46,0,0,160,17,0,0
13,肇鼎预许字第2019038号,2019年8月15日,长信悦公馆2栋,肇庆市铭德装饰工程有限公司,肇庆市鼎湖区坑口街道新城64区星湖大道中20号,2栋,10437.84,188.79,0,0,96,6,0,0
14,肇鼎预许字第2019037号,2019年8月15日,长信悦公馆1栋,肇庆市铭德装饰工程有限公司,肇庆市鼎湖区坑口街道新城64区星湖大道中20号,1栋,10170.96,223.23,0,0,96,6,0,0
15,肇鼎预许字第2019036号,2019年8月15日,天禧花园,肇庆市龙光骏驰房地产有限公司,肇庆市鼎湖区同兴路28号,14栋26层/130套,11664.24,436.75,0,0,120,10,0,0
16,肇鼎预许字第2019035号,2019年8月12日,中新金盛豪苑二期E幢,肇庆市鼎湖城建房地产有限公司,肇庆市鼎湖区50区（50-01-B）,E幢 11层/137套,12094.6,1015.32,0,0,120,17,0,0
17,肇鼎预许字第2019034号,2019年8月2日,富力尚悦居,肇庆市奥信地产发展有限公司,肇庆市鼎湖区四十六区（A-46-05）,B5栋住宅楼,12422.93,0,0,0,131,0,0,0
18,肇鼎预许字第2019033号,2019年7月30日,玖誉花园,肇庆市宝鼎房地产开发有限公司,肇庆市鼎湖区民乐大道4号,1幢32层/248套,25033.74,0,0,0,248,0,0,0
19,肇鼎预许字第2019032号,2019年7月25日,富力尚悦居,肇庆市奥信地产发展有限公司,肇庆市鼎湖区四十六区（A-46-05）,B6栋住宅,,,0,0,136,0,0,0
20,肇鼎预许字第2019031号,2019年7月24日,富力尚悦居,肇庆市奥信地产发展有限公司,肇庆市鼎湖区四十六区（A-46-05）,B7栋住宅楼,12688.62,0,0,0,136,0,0,0
21,肇鼎预许字第2019030号,2019年6月24日,碧桂园都荟花园9号楼,肇庆市鼎湖区碧桂园新碧房地产开发有限公司,肇庆市鼎湖区坑口街道66区桂湾路6号,9号楼 26层/106套,11876.5,422.14,0,0,100,6,0,0
22,肇鼎预许字第2019029号,2019年6月21日,玖誉花园,肇庆市宝鼎房地产开发有限公司,肇庆市鼎湖区民乐大道4号,2幢32层/124套,12915.84,0,0,0,124,0,0,0
23,肇鼎预许字第2019028号,2019年6月21日,山林湖尚城A区7号楼,肇庆市广新汇富房地产发展有限公司,鼎湖区新城58区港口路山林湖尚城,A区7号楼（7层）/30套,6092.36,0,0,0,30,0,0,0
24,肇鼎预许字第2019027号,2019年6月20日,天禧花园,肇庆市龙光骏驰房地产有限公司,肇庆市鼎湖区同兴路28号,15栋26层/241套,23012.78,808.56,0,0,225,16,0,0
25,肇鼎预许字第2019026号,2019年6月17日,恒泰悦�Z府,肇庆市骏龙智能自动化科技有限公司,肇庆市鼎湖区新城64区,15号楼24号楼   15号楼8层/24号楼1层/130套,,797.52,4645.48,0,0,18,112,0
26,肇鼎预许字第2019025号,2019年6月17日,恒泰悦�Z府,肇庆市骏龙智能自动化科技有限公司,肇庆市鼎湖区新城64区,12号楼 7层/28套,3546.76,0,0,0,28,0,0,0
27,肇鼎预许字第2019024号,2019年6月17日,恒泰悦�Z府,肇庆市骏龙智能自动化科技有限公司,肇庆市鼎湖区新城64区,11号楼/23号楼   11号楼11层/23号楼1层/45套,4263.32,348.55,0,0,38,7,0,0
28,肇鼎预许字第2019023号,2019年6月3日,美的碧桂园天合园2号楼,肇庆市鼎湖区美肇房地产开发有限公司,肇庆市鼎湖区北二区（B-n2-01、B-n2-02）,2号楼  25层/96套,10747.44,0,0,0,96,0,0,0
29,肇鼎预许字第2019022号,2019年6月3日,天禧花园,肇庆市龙光骏驰房地产有限公司,肇庆市鼎湖区同兴路28号,16栋16层/788套,0,1121.24,0,31451.87,0,30,0,758
30,肇鼎预许字第2019021号,2019年6月3日,水木天骄,肇庆市玖信置业发展有限公司,肇庆市鼎湖区坑口新城54区,5号楼29层/57套,9331.09,0,0,0,57,0,0,0
31,肇鼎预许字第2019020号,2019年5月24日,碧桂园悦庭2号楼,肇庆市鼎湖区碧桂园房地产开发有限公司,肇庆市鼎湖区38区（38-01-A）莲花路5号碧桂园悦庭项目,2号楼/16层/60套,8776.32,0,0,0,60,0,0,0
32,肇鼎预许字第2019019号,2019年5月16日,肇庆市应急安全示范小区5幢（住宅）,肇庆市兴融房地产开发有限公司,肇庆市鼎湖区65区（C-65-02）桃园路东9号,5幢（住宅）30层/174套,22838.08,0,0,0,174,0,0,0
33,肇鼎预许字第2019018号,2019年5月16日,鼎湖美的花园,肇庆市鼎湖区美澳房地产开发有限公司,肇庆市鼎湖区66区坑口桂湾路8号,05-06座26层/200套,22078,0,0,0,200,0,0,0
34,肇鼎预许字第2019017号,2019年4月30日,帝豪花园二期7幢,肇庆市顺雅房地产开发有限公司,肇庆市鼎湖区新城54区（长园路10号）,"7幢
17层/91套",7968.29,725.98,0,0,80,11,0,0
35,肇鼎预许字第2019016号,2019年4月29日,碧桂园悦庭1号楼,肇庆市鼎湖区碧桂园房地产开发有限公司,肇庆市鼎湖区38区（38-01-A）莲花路5号碧桂园悦庭项目,1号楼/17层/138套,13712.1,2693.79,0,0,120,18,0,0
36,肇鼎预许字第2019015号,2019年4月29日,山林湖尚城A区6号楼,肇庆市广新汇富房地产发展有限公司,鼎湖区新城58区港口路山林湖尚城,A区6号楼（7层）/30套,6092.36,0,0,0,30,0,0,0
37,肇鼎预许字第2019014号,2019年4月23日,碧桂园都荟花园2号楼,肇庆市鼎湖区碧桂园新碧房地产开发有限公司,肇庆市鼎湖区坑口街道66区桂湾路6号,2号楼26层/109套,11919.75,607.26,0,0,100,9,0,0
38,肇鼎预许字第2019013号,2019年4月23日,玖誉花园,肇庆市宝鼎房地产开发有限公司,肇庆市鼎湖区民乐大道4号,6幢32层/248套,25718.22,0,0,0,248,0,0,0
39,肇鼎预许字第2019012号,2019年4月4日,美的碧桂园天合园7号楼,肇庆市鼎湖区美肇房地产开发有限公司,肇庆市鼎湖区北二区（B-n2-01、B-n2-02）,7号楼  25层/96套,10698.72,0,0,0,96,0,0,0
40,肇鼎预许字第2019011号,2019年3月29日,鼎湖碧桂园蓝庭7号楼,肇庆鼎湖达新房地产开发有限公司,肇庆市鼎湖区15区（A-15-02）(肇庆市鼎湖区桂城第一居委会顺景路122号）,7号楼 33层/130套,14755.19,0,0,0,130,0,0,0
41,肇鼎预许字第2019010号,2019年3月29日,鼎湖碧桂园蓝庭6号楼,肇庆鼎湖达新房地产开发有限公司,肇庆市鼎湖区15区（A-15-02）(肇庆市鼎湖区桂城第一居委会顺景路122号）,6号楼  33层/130套,14755.19,0,0,0,130,0,0,0
42,肇鼎预许字第2019009号,2019年2月2日,玖誉花园,肇庆市宝鼎房地产开发有限公司,肇庆市鼎湖区民乐大道4号,4幢18层/68套,6655.33,0,0,0,68,0,0,0
43,肇鼎预许字第2019008号,2019年1月29日,鼎湖麓园33幢,肇庆鸿誉房地产开发有限公司,肇庆市鼎湖区新城60区,33幢（3层）/1套,0,0,0,0,0,0,0,0
44,肇鼎预许字第2019007号,2019年1月25日,玖誉花园,肇庆市宝鼎房地产开发有限公司,肇庆市鼎湖区民乐大道4号,7-2幢32层/124套,12111.39,0,0,0,124,0,0,0
45,肇鼎预许字第2019006号,2019年1月24日,恒大西江名郡花园,肇庆市鼎湖区恒程房地产开发有限公司,肇庆市鼎湖区28区（A-28-07、A-28-08地块）,4号楼（商铺）  2层/16套,0,1784.42,0,0,0,16,0,0
46,肇鼎预许字第2019005号,2019年1月15日,天禧花园,肇庆市龙光骏驰房地产有限公司,肇庆市鼎湖区同兴路28号,11栋26层/334套,32798.77,589.26,0,0,320,14,0,0
47,肇鼎预许字第2019004号,2019年1月10日,鼎湖・桃李园（二期）F1#、F2#住宅楼,广东理工房地产开发有限公司,肇庆市鼎湖区72区（D-72-02-A）,"F1,17层；F2",10923.94,0,0,0,100,0,0,0
48,肇鼎预许字第2019003号,2019年1月10日,鼎湖・桃李园（二期）E2#商住楼,广东理工房地产开发有限公司,肇庆市鼎湖区72区（D-72-02-A）,"E2,17层/55套",5419.52,516.68,0,0,48,7,0,0
49,肇鼎预许字第2019002号,2019年1月10日,鼎湖・桃李园（二期）E1#商住楼,广东理工房地产开发有限公司,肇庆市鼎湖区72区（D-72-02-A）,E1,5588.96,420.45,0,0,48,6,0,0
50,肇鼎预许字第2019001号,2019年1月9日,鼎湖美的花园02座,肇庆市鼎湖区美澳房地产开发有限公司,肇庆市鼎湖区66区（鼎湖区坑口街道办桂湾路8号）,02座/26层/107套,11100.25,298.98,0,0,100,7,0,0
51,肇鼎预许字第2018067号,2018年12月29日,玖誉花园,肇庆市宝鼎房地产开发有限公司,肇庆市鼎湖区民乐大道4号,3幢18层/68套,6657.54,0,0,0,68,0,0,0
52,肇鼎预许字第2018066号,2018年12月28日,肇庆市鼎湖区双创园项目（20栋）,肇庆市鼎湖区创丰科技投资有限公司,肇庆市鼎湖区新城30区（A-30-04-A）,20栋,0,4125.8,0,0,0,28,0,0
53,肇鼎预许字第2018065号,2018年12月26日,水木天骄,肇庆市玖信置业发展有限公司,肇庆市鼎湖区坑口新城54区,6号楼 29层/236套,19561.23,918.71,0,0,224,12,0,0
54,肇鼎预许字第2018064号,2018年12月19日,美的碧桂园天合园8号楼,肇庆市鼎湖区美肇房地产开发有限公司,肇庆市鼎湖区北二区（B-n2-01、B-n2-02）,8号楼 25层/96套,10701.12,0,0,0,96,0,0,0
55,肇鼎预许字第2018063号,2018年12月14日,恒大西江名郡花园,肇庆市鼎湖区恒程房地产开发有限公司,肇庆市鼎湖区28区（A-28-07、A-28-08地块）,9-2号商住楼  33层/137套,11985.21,407.45,0,0,129,8,0,0
56,肇鼎预许字第2018062号,2018年12月14日,恒大西江名郡花园,肇庆市鼎湖区恒程房地产开发有限公司,肇庆市鼎湖区28区（A-28-07、A-28-08地块）,9-1号商住楼  33层/136套,12064.51,215.5,0,0,130,6,0,0
57,肇鼎预许字第2018061号,2018年12月12日,天禧花园,肇庆市龙光骏驰房地产有限公司,肇庆市鼎湖区同兴路28号,12栋26层/230套,23501.06,0,0,0,230,0,0,0
58,肇鼎预许字第2018060号,2018年11月29日,鼎湖碧桂园蓝庭4号楼,肇庆鼎湖达新房地产开发有限公司,肇庆市鼎湖区15区（A-15-02）(肇庆市鼎湖区桂城第一居委会顺景路122号）,4号楼  33层/138套,14691.84,849.7,0,0,128,10,0,0
59,肇鼎预许字第2018059号,2018年11月29日,富海豪庭A3座,肇庆市昆隆房地产开发有限公司,肇庆市鼎湖区鼎湖新城四十八区之三,A3座  17/74套,6980.48,601.41,0,0,64,10,0,0
60,肇鼎预许字第2018058号,2018年11月22日,玖誉花园,肇庆市宝鼎房地产开发有限公司,肇庆市鼎湖区民乐大道4号,7-1幢32层/163套,14323.86,394.03,0,0,155,8,0,0
61,肇鼎预许字第2018057号,2018年11月22日,肇庆市应急安全示范小区2幢（住宅）,肇庆市兴融房地产开发有限公司,肇庆市鼎湖区65区（C-65-02）桃园路东9号,2幢（住宅）27层/117套,11859.9,719.26,0,0,104,13,0,0
62,肇鼎预许字第2018056号,2018年11月16日,鼎湖麓园28-32幢,肇庆鸿誉房地产开发有限公司,肇庆市鼎湖区新城60区,28-32幢（28-30幢6层,8736.26,0,0,0,82,0,0,0
63,肇鼎预许字第2018055号,2018年11月15日,富海豪庭B2座,肇庆市昆隆房地产开发有限公司,肇庆市鼎湖区鼎湖新城四十八区之三,B2座  18/72套,7520.65,485.94,0,0,64,8,0,0
64,肇鼎预许字第2018054号,2018年11月12日,碧桂园都荟花园1号楼,肇庆市鼎湖区碧桂园新碧房地产开发有限公司,肇庆市鼎湖区坑口街道66区桂湾路6号,1号楼  26层/111套,11915,765.47,0,0,100,11,0,0
65,肇鼎预许字第2018053号,2018年11月9日,天禧花园,肇庆市龙光骏驰房地产有限公司,肇庆市鼎湖区同兴路28号,9栋26层/125套,11381.28,449.6,0,0,116,9,0,0
66,肇鼎预许字第2018052号,2018年11月8日,鼎湖碧桂园蓝庭5号楼,肇庆鼎湖达新房地产开发有限公司,肇庆市鼎湖区15区（A-15-02）(肇庆市鼎湖区桂城第一居委会顺景路122号）,5号楼  33层/145套,14696.32,1282.52,0,0,128,17,0,0
67,肇鼎预许字第2018051号,2018年10月31日,鼎・峰B15幢,肇庆市团星房地产开发有限公司,肇庆市鼎湖区新城70区,B15幢,13489.96,329.47,0,0,124,4,0,0
68,肇鼎预许字第2018050号,2018年10月31日,鼎・峰B14幢,肇庆市团星房地产开发有限公司,肇庆市鼎湖区新城70区,B14幢,15055.15,906.37,0,0,124,17,0,0
69,肇鼎预许字第2018049号,2018年10月30日,鼎・峰B16幢,肇庆市团星房地产开发有限公司,肇庆市鼎湖区新城70区,B16幢,15066.31,744.82,0,0,124,11,0,0
70,肇鼎预许字第2018048号,2018年10月29日,碧桂园都荟花园10号楼,肇庆市鼎湖区碧桂园新碧房地产开发有限公司,肇庆市鼎湖区坑口街道66区桂湾路6号,10号楼  26层/114套,11849,1609.51,0,0,100,14,0,0
71,肇鼎预许字第2018047号,2018年10月29日,美的碧桂园天合园1号楼,肇庆市鼎湖区美肇房地产开发有限公司,肇庆市鼎湖区北二区（B-n2-01、B-n2-02）,1号楼 25层/110套,10734,1270.45,0,0,96,14,0,0
72,肇鼎预许字第2018046号,2018年10月26日,天禧花园,肇庆市龙光骏驰房地产有限公司,肇庆市鼎湖区同兴路28号,8栋25层/98套,10560.18,0,0,0,98,0,0,0
73,肇鼎预许字第2018045号,2018年10月12日,肇庆市应急安全示范小区3幢（住宅）,肇庆市兴融房地产开发有限公司,肇庆市鼎湖区65区（C-65-02）桃园路东9号,3幢（住宅） 19层/87套,7721.28,742.43,0,0,72,15,0,0
74,肇鼎预许字第2018044号,2018年10月12日,山水名城一座27幢,肇庆市鼎�N房产有限公司,肇庆市鼎湖区创业路1号,一座27幢/32层/167套,14641.8,1691,0,0,150,17,0,0
75,肇鼎预许字第2018043号,2018年10月12日,富海豪庭A2座,肇庆市昆隆房地产开发有限公司,肇庆市鼎湖区鼎湖新城四十八区之三,A2座 18/71套,7294.54,476.79,0,0,64,7,0,0
76,肇鼎预许字第2018042号,2018年10月10日,山水名城一座26幢,肇庆市鼎�N房产有限公司,肇庆市鼎湖区创业路1号,一座26幢/32层/132套,12809.56,722.49,0,0,120,12,0,0
77,肇预许字第2019089号,2019年10月17日,幼儿园,肇庆市顺宝骏景房地产发展有限公司,肇庆市端州区信安二路16号“骏景湾豪庭”四期幼儿园,幼儿园4层/1套,0,0,0,6602.93,0,0,0,1
78,肇预许字第2019088号,2019年10月12日,凯信君悦湾（嘉湖君悦花园）,肇庆凯信房地产发展有限公司,肇庆市端州区117区凯信君悦湾（嘉湖君悦花园）,第7幢 25层/222套,21333.28,2452.87,0,0,204,18,0,0
79,肇预许字第2019087号,2019年10月9日,一方广场2号楼,肇庆市新一方气动元件有限公司,肇庆市端州区76区星湖大道东、棠岗路北交界地段,2号楼、12层/409套,0,3422.41,18069.79,0,0,33,376,0
80,肇预许字第2019086号,2019年9月30日,35区商住小区(现代城花苑A2幢),肇庆市君汇置业有限公司,肇庆市端州区35区端州七路北侧现代城花苑A2幢,A2幢  共3层/161套,0,5549.21,0,0,0,161,0,0
81,肇预许字第2019085号,2019年9月29日,肇庆锦绣山河花园七期（三区）5号楼,肇庆市锦绣山河房地产开发有限公司,肇庆市端州区134区山河路西侧,5号楼,21551.74,0,0,0,214,0,0,0
82,肇预许字第2019084号,2019年9月29日,海逸花园,肇庆市致美家园房地产开发有限公司,肇庆市端州区42区桥北路东侧,3、4栋,16429.07,234.54,0,0,132,4,0,0
83,肇预许字第2019083号,2019年9月20日,恒福美地商住小区（恒福美地花园）5号商住楼,肇庆市恒福美地房地产开发有限公司,肇庆市端州区84区新园中路西侧恒福美地商住小区（恒福美地花园）5号商住楼,5号商住楼       26/113套,12176.5,616.94,0,0,100,13,0,0
84,肇预许字第2019082号,2019年9月20日,城投广场二期（星悦华府）,肇庆市城建投资开发集团有限公司,肇庆市端州区信安路东侧84区,A2商住楼,7354.5,288.51,0,0,60,5,0,0
85,肇预许字第2019081号,2019年9月20日,喜园商住小区2栋(1、2、3梯),肇庆市联兴投资有限公司,肇庆市端州区42区西江北路西侧,2栋,20697.34,4321.53,0,0,180,25,0,0
86,肇预许字第2019080号,2019年9月17日,鸿景誉园,肇庆市明苑房产发展有限公司,肇庆市端州区41区、42区蕉园路南侧D地块,南区二期5B栋,9987.79,409.35,0,0,72,6,0,0
87,肇预许字第2019079号,2019年9月17日,鸿景誉园,肇庆市明苑房产发展有限公司,肇庆市端州区41区、42区蕉园路南侧D地块,南区二期5A栋,9985.86,348.19,0,0,72,5,0,0
88,肇预许字第2019078号,2019年9月17日,肇庆锦绣山河花园六区（八期）9号楼,肇庆市锦绣山河房地产开发有限公司,肇庆市端州区大鼎路南侧/龟顶山西侧,9号楼 18层/72套,7452.12,0,0,0,72,0,0,0
89,肇预许字第2019077号,2019年9月12日,端州馨园,肇庆市梁浩置业有限公司,肇庆市端州区151区学院路东侧（一期）,9幢20层/146套,14815.38,0,0,0,146,0,0,0
90,肇预许字第2019076号,2019年9月11日,恒福美地商住小区（恒福美地花园）2号住宅楼,肇庆市恒福美地房地产开发有限公司,肇庆市端州区84区新园中路西侧恒福美地商住小区（恒福美地花园）2号住宅楼,2号住宅楼     26层/200套,21732,0,0,0,200,0,0,0
91,肇预许字第2019075号,2019年9月6日,恒裕城A8、A9幢,肇庆市星湖名苑房地产有限公司,肇庆市端州区103区星湖大道北侧,A8、A9幢 39层/140套,24207.33,0,0,0,140,0,0,0
92,肇预许字第2019074号,2019年9月5日,城投广场二期（星悦华府）,肇庆市城建投资开发集团有限公司,肇庆市端州区信安路东侧84区,B2商住楼,12699.36,124.15,0,0,96,2,0,0
93,肇预许字第2019073号,2019年9月5日,城投广场二期（星悦华府）,肇庆市城建投资开发集团有限公司,肇庆市端州区信安路东侧84区,B1商住楼,12307.92,714.06,0,0,96,10,0,0
94,肇预许字第2019067号,2019年8月29日,鸿景誉园,肇庆市明苑房产发展有限公司,肇庆市端州区41区、42区蕉园路南侧D地块,南区二期5C栋,10682.97,571.49,0,0,73,10,0,0
95,肇预许字第2019066号,2019年8月28日,肇庆天骄御景花园二期8号楼,肇庆市天骄御景投资有限公司,肇庆市端州区城东新区103区东调洪湖北侧,8号楼 32层/248套,35087.66,0,0,0,248,0,0,0
96,肇预许字第2019065号,2019年8月28日,肇庆锦绣山河花园六区（八期)8号楼,肇庆市锦绣山河房地产开发有限公司,肇庆市端州区大鼎路南侧/龟顶山西侧,8号楼  18层/72套,7453.38,0,0,0,72,0,0,0
97,肇预许字第2019064号,2019年8月21日,时代公馆,肇庆市天骄御景投资有限公司,肇庆市端州区35区端州七路北侧,1号楼,6763.02,794.28,0,0,60,9,0,0
98,肇预许字第2019063号,2019年8月20日,恒悦天峰商住小区（恒悦天峰苑）,肇庆市恒悦房地产有限公司,肇庆市端州区120区星湖大道西北侧（肇庆市端州区金穗路2号）,B幢：17层/128套,13350.22,0,0,0,128,0,0,0
99,肇预许字第2019062号,2019年8月20日,恒悦天峰商住小区（恒悦天峰苑）,肇庆市恒悦房地产有限公司,肇庆市端州区120区星湖大道西北侧（肇庆市端州区金穗路2号）,A幢：17层/76套,6804.5,3114.36,0,0,60,16,0,0
100,肇预许字第2019061号,2019年8月8日,中源誉峰11号楼,肇庆市宏利高投资发展有限公司,肇庆市端州区122区星湖大道东、端州一路西（星湖大道4段6号中源誉峰）,11号楼 32层/132套,13944.98,633.7,0,0,124,8,0,0
101,肇预许字第2019060号,2019年7月30日,泰宁华府商住小区2号楼,肇庆星越房地产开发有限公司,肇庆市端州区110区端州一路西、东湖中路北侧（肇庆市端州区东湖中路1号）,2号楼,9581.04,0,0,0,84,0,0,0
102,肇预许字第2019059号,2019年7月30日,敏捷星荟苑,肇庆市敏尚房地产有限公司,肇庆市端州区20区大鼎路北侧、太和南路西,7栋,14445.92,1040.51,0,0,130,19,0,0
103,肇预许字第2019058号,2019年7月24日,恒福尚品商住小区（恒福尚品苑）3号商住楼,肇庆市恒兴达房地产开发有限公司,肇庆市端州区124区前村路北侧,3号商住楼 33层/266套,26690.56,854.5,0,0,256,10,0,0
104,肇预许字第2019057号,2019年7月16日,恒裕城A10、A11幢,肇庆市星湖名苑房地产有限公司,肇庆市端州区103区星湖大道北侧,恒裕城A10、A11幢 39层/140套,24119.41,0,0,0,140,0,0,0
105,肇预许字第2019056号,2019年7月16日,敏捷西城都荟广场,肇庆市腾龙置业有限公司,肇庆市端州区35区黄塘路南、桥北路西,2#商业,0,1980.19,0,0,0,15,0,0
106,肇预许字第2019055号,2019年7月16日,天海商务办公楼（天海商务楼）A幢B幢,肇庆天海房地产有限公司,肇庆市端州区肇庆大道东117区、东岗路南侧,A幢B幢（A幢3层,0,0,18324.85,0,0,0,245,0
107,肇预许字第2019053号,2019年7月8日,城投广场二期（星悦华府）,肇庆市城建投资开发集团有限公司,肇庆市端州区信安路东侧84区,A1商住楼,7358.1,691.38,0,0,60,11,0,0
108,肇预许字第2019052号,2019年7月8日,悦江府5号楼,肇庆市端州区碧桂园房地产开发有限公司,端州区129区江滨一路北侧,5号楼 28层/110套,13348.72,0,0,0,110,0,0,0
109,肇预许字第2019051号,2019年7月3日,敏捷星荟苑,肇庆市敏尚房地产有限公司,肇庆市端州区20区大鼎路北侧、太和南路西,8栋,14447.84,0,0,0,130,0,0,0
110,肇预许字第2019050号,2019年6月24日,端州馨园,肇庆市梁浩置业有限公司,肇庆市端州区151区学院路东侧（一期）,8幢 20层/158套,15943.72,0,0,0,158,0,0,0
111,肇预许字第2019049号,2019年6月21日,敏捷广场九期,肇庆市敏捷投资有限公司,肇庆市端州区96区砚都大道北侧,B段商业楼（4层）/175套,0,20223.47,0,0,0,175,0,0
112,肇预许字第2019048号,2019年6月21日,敏捷广场六期,肇庆市敏捷投资有限公司,肇庆市端州区83区信安路西侧,F栋商业办公楼（26层）/769套,0,13509.39,44622.47,0,0,73,696,0
113,肇预许字第2019047号,2019年6月21日,碧雅苑（碧雅轩）,肇庆中兴隆房地产开发有限公司,肇庆市端州区西江北路蕉园岗北侧（肇庆市端州区文德路8号）,B幢3层/4套,739.7,0,0,0,4,0,0,0
114,肇预许字第2019046号,2019年6月21日,肇庆锦绣山河花园七期（三区）7号楼,肇庆市锦绣山河房地产开发有限公司,肇庆市端州区134区山河路西侧,7号楼,21551.74,0,0,0,214,0,0,0
115,肇预许字第2019045号,2019年6月10日,泰宁华府商住小区4号楼,肇庆星越房地产开发有限公司,肇庆市端州区110区端州一路西、东湖中路北侧（肇庆市端州区东湖中路1号）,4号楼,0,7000.85,0,0,0,1,0,0
116,肇预许字第2019044号,2019年6月10日,泰宁华府商住小区1号楼,肇庆星越房地产开发有限公司,肇庆市端州区110区端州一路西、东湖中路北侧（肇庆市端州区东湖中路1号）,1号楼,8814.54,1727.49,0,0,84,17,0,0
117,肇预许字第2019042号,2019年5月24日,敏捷广场八期,肇庆市敏捷投资有限公司,肇庆市端州区信安路西侧83区,11#商业楼 3层/3套,0,3178.57,0,0,0,3,0,0
118,肇预许字第2019041号,2019年5月23日,中源誉峰16号楼,肇庆市宏利高投资发展有限公司,肇庆市端州区122区星湖大道东、端州一路西（星湖大道4段6号中源誉峰）,16号楼 32层/190套,28072.46,0,0,0,190,0,0,0
119,肇预许字第2019040号,2019年5月5日,泰宁华府商住小区3号楼,肇庆星越房地产开发有限公司,肇庆市端州区110区端州一路西、东湖中路北侧（肇庆市端州区东湖中路1号）,3号楼,8825.46,1868.13,0,0,84,10,0,0
120,肇预许字第2019039号,2019年4月30日,颐景园2号楼,广东省肇庆市第二建筑工程集团有限公司,端州区端州七路南、白沙路东梅庵岗尾(36)区,颐景园2号楼17层/256套,26396.64,0,0,0,256,0,0,0
121,肇预许字第2019038号,2019年4月30日,碧湖豪苑（合富时代家园）D2幢,肇庆市亿隆房地产有限公司,肇庆市端州区124区端州一路西侧,二期D2幢 30层/123套,11304.95,459.71,0,0,114,9,0,0
122,肇预许字第2019037号,2019年4月30日,碧湖豪苑（合富时代家园）D1幢,肇庆市亿隆房地产有限公司,肇庆市端州区124区端州一路西侧,二期D1幢 30层/122套,11603.42,377.05,0,0,114,8,0,0
123,肇预许字第2019036号,2019年4月30日,碧湖豪苑（合富时代家园）C幢,肇庆市亿隆房地产有限公司,肇庆市端州区124区端州一路西侧,二期C幢 32层/130套,12130.61,548.76,0,0,120,10,0,0
124,肇预许字第2019035号,2019年4月26日,悦江府11号楼,肇庆市端州区碧桂园房地产开发有限公司,端州区129区江滨一路北侧,11号楼  28层/218套,26460.48,0,0,0,218,0,0,0
125,肇预许字第2019034号,2019年4月26日,敏捷西城都荟广场,肇庆市腾龙置业有限公司,肇庆市端州区35区黄塘路南、桥北路西,1栋、1#商业,0,5574.83,22103.82,0,0,26,563,0
126,肇预许字第2019033号,2019年4月26日,敏捷星荟苑,肇庆市敏尚房地产有限公司,肇庆市端州区20区大鼎路北侧、太和南路西,5栋,11177.66,0,0,0,100,0,0,0
127,肇预许字第2019032号,2019年4月26日,肇庆锦绣山河花园六区（八期）7号楼,肇庆市锦绣山河房地产开发有限公司,肇庆市端州区大鼎路南侧/龟顶山西侧,7号楼  17层/68套,7115.38,0,0,0,68,0,0,0
128,肇预许字第2019031号,2019年4月26日,肇庆锦绣山河花园二区1号楼,肇庆市锦绣山河房地产开发有限公司,肇庆市端州区白沙路西侧,1号楼  30层/171套,37324.35,0,0,0,171,0,0,0
129,肇预许字第2019030号,2019年4月12日,时代公馆,肇庆市天骄御景投资有限公司,肇庆市端州区35区端州七路北侧,5号楼,0,409.68,6328.8,0,0,13,144,0
130,肇预许字第2019029号,2019年4月12日,碧雅苑（碧雅轩）,肇庆中兴隆房地产开发有限公司,肇庆市端州区西江北路蕉园岗北侧（肇庆市端州区文德路8号）,A栋11层、C栋3层/29套,4850.22,0,0,0,29,0,0,0
131,肇预许字第2019028号,2019年5月16日,敏捷星荟苑,肇庆市敏尚房地产有限公司,肇庆市端州区20区大鼎路北侧、太和南路西,3栋,14030.59,0,0,0,123,0,0,0
132,肇预许字第2019027号,2019年4月11日,恒福尚品商住小区（恒福尚品苑）2号商住楼,肇庆市恒兴达房地产开发有限公司,肇庆市端州区124区前村路北侧,2号商住楼  18层/150套,14032.48,590.5,0,0,136,14,0,0
133,肇预许字第2019026号,2019年4月9日,恒裕城沿街商业楼,肇庆市星湖名苑房地产有限公司,肇庆市端州区103区星湖大道北侧,恒裕城沿街商业楼 5层/86套,0,41706.22,0,0,0,86,0,0
134,肇预许字第2019025号,2019年3月27日,骏景湾豪庭四期1栋,肇庆市顺宝骏景房地产发展有限公司,肇庆市端州区109区信安路东侧（信安二路16号）,1栋 24层/282套,31307.59,1373.59,0,0,264,18,0,0
135,肇预许字第2019024号,2019年3月25日,天玺御�Z（天玺御�Z园）B幢,肇庆市美�Z投资有限公司,肇庆市端州区121区星湖大道西侧,二期B幢27层（B1:27层、B2：21层）/378套,11552.43,874.53,10516.8,0,100,12,266,0
136,肇预许字第2019022号,2019年3月15日,敏捷星荟苑,肇庆市敏尚房地产有限公司,肇庆市端州区20区大鼎路北侧、太和南路西,6栋,10817.33,1386.29,0,0,96,22,0,0
137,肇预许字第2019021号,2019年3月11日,星湖御园（A、B幢、A1-A10幢、B1-B31幢）,肇庆市利丰房地产开发有限公司,肇庆市端州区北岭旅游度假区一区,A、B幢、A1-A10幢、B1-B31幢；3层/165套,66482.58,4231.4,0,0,127,38,0,0
138,肇预许字第2019020号,2019年3月5日,肇庆天骄御景花园二期7号楼,肇庆市天骄御景投资有限公司,肇庆市端州区城东新区103区东调洪湖北侧,7号楼 32层/248套,35087.66,0,0,0,248,0,0,0
139,肇预许字第2019019号,2019年2月22日,恒福尚品商住小区（恒福尚品苑）1号商住楼,肇庆市恒兴达房地产开发有限公司,肇庆市端州区124区前村路北侧,1号商住楼   17层/152套,13208.96,1171.28,0,0,128,24,0,0
140,肇预许字第2019018号,2019年2月15日,御嘉轩一期D幢,肇庆市城乡建设有限公司,肇庆市端州区69区端州三路岗尾,一期D幢 3层/2套,438.98,0,0,0,2,0,0,0
141,肇预许字第2019017号,2019年2月1日,泰禾崇文府2幢,肇庆信威置业发展有限公司,肇庆七星岩旅游度假区景园度假村北侧,2幢 3层/3套,508.55,0,0,0,3,0,0,0
142,肇预许字第2019016号,2019年2月1日,时代公馆,肇庆市天骄御景投资有限公司,肇庆市端州区35区端州七路北侧,4号楼,6023.4,617.52,0,0,60,11,0,0
143,肇预许字第2019015号,2019年1月29日,敏捷广场八期,肇庆市敏捷投资有限公司,肇庆市端州区信安路西侧83区,1栋商业楼及1#商业裙楼（15层）/92套,0,13845.65,0,0,0,92,0,0
144,肇预许字第2019014号,2019年1月29日,肇庆锦绣山河花园六区（八期）6号楼,肇庆市锦绣山河房地产开发有限公司,肇庆市端州区大鼎路南侧/龟顶山西侧,6号楼  17层/68套,7115.38,0,0,0,68,0,0,0
145,肇预许字第2019013号,2019年1月29日,肇庆锦绣山河花园七期（三区）10号楼,肇庆市锦绣山河房地产开发有限公司,肇庆市端州区龟山路西侧,10号楼  18层/217套,20123.68,528.54,0,0,208,9,0,0
146,肇预许字第2019012号,2019年1月29日,中源誉峰12号楼,肇庆市宏利高投资发展有限公司,肇庆市端州区122区星湖大道东、端州一路西（星湖大道4段6号中源誉峰）,12号楼 19层/188套,14241.38,4263.6,0,0,132,56,0,0
147,肇预许字第2019011号,2019年1月28日,悦江府1号楼,肇庆市端州区碧桂园房地产开发有限公司,端州区129区江滨一路北侧,1号楼 24层/74套,11344.31,396.54,0,0,69,5,0,0
148,肇预许字第2019010号,2019年1月25日,泰禾崇文府12幢、13幢,肇庆信威置业发展有限公司,肇庆七星岩旅游度假区景园度假村北侧,12幢、13幢 3层/22套,3924.1,0,0,0,22,0,0,0
149,肇预许字第2019009号,2019年1月24日,端州馨园,肇庆市梁浩置业有限公司,肇庆市端州区151区学院路东侧（一期）,16幢,4013.91,0,0,0,23,0,0,0
150,肇预许字第2019008号,2019年1月23日,敏捷广场八期,肇庆市敏捷投资有限公司,肇庆市端州区信安路西侧83区,2栋住宅及2#商业裙楼（32层）/181套,17362.35,2573.59,0,0,173,8,0,0
151,肇预许字第2019007号,2019年1月23日,敏捷广场八期,肇庆市敏捷投资有限公司,肇庆市端州区信安路西侧83区,10、11栋住宅楼及10#商业裙楼 32层/205套,26592.69,4179.96,0,0,182,23,0,0
152,肇预许字第2019006号,2019年1月22日,端州馨园,肇庆市梁浩置业有限公司,肇庆市端州区151区学院路东侧（一期）,25幢,7493.12,0,0,0,48,0,0,0
153,肇预许字第2019005号,2019年1月22日,端州馨园,肇庆市梁浩置业有限公司,肇庆市端州区151区学院路东侧（一期）,22幢,2321.72,0,0,0,12,0,0,0
154,肇预许字第2019004号,2019年1月21日,恒裕城A13、A15幢,肇庆市星湖名苑房地产有限公司,肇庆市端州区103区星湖大道北侧,恒裕城A13、A15幢 39层/140套,22677.26,0,0,0,140,0,0,0
155,肇预许字第2019003号,2019年1月21日,恒裕城A12幢,肇庆市星湖名苑房地产有限公司,肇庆市端州区103区星湖大道北侧,恒裕城A12幢 39层/70套,12781.82,0,0,0,70,0,0,0
156,肇预许字第2019002号,2019年1月14日,肇庆.臻汇园二期（幸福湖畔）C区商业,广东臻汇园置业发展有限公司,肇庆市端州区星湖大道115区,肇庆.臻汇园二期（幸福湖畔）C区商业 3层/44套,0,6610.61,0,0,0,44,0,0
157,肇预许字第2019001号,2019年1月7日,御嘉轩一期A幢、B幢,肇庆市城乡建设有限公司,肇庆市端州区69区景泰路东侧,一期A幢、B幢16层/103套,9512.08,1054.17,0,0,88,15,0,0
158,肇预许字第2018119号,2018年12月29日,敏捷西城都荟广场,肇庆市腾龙置业有限公司,肇庆市端州区35区黄塘路南、桥北路西,2栋、1#商业B段,14003.11,3182.28,0,0,132,15,0,0
159,肇预许字第2018118号,2019年8月27日,敏捷星荟苑,肇庆市敏尚房地产有限公司,肇庆市端州区20区大鼎路北侧、太和南路西,4栋,13954.28,875.97,0,0,122,17,0,0
160,肇预许字第2018117号,2018年12月26日,敏捷广场九期,肇庆市敏捷投资有限公司,肇庆市端州区96区砚都大道北侧,A段商业楼（4层）/189套,0,19224.7,0,0,0,189,0,0
161,肇预许字第2018116号,2018年12月25日,端州馨园,肇庆市梁浩置业有限公司,肇庆市端州区151区学院路东侧（一期）,2幢,19300.87,0,0,0,172,0,0,0
162,肇预许字第2018115号,2018年12月25日,端州馨园,肇庆市梁浩置业有限公司,肇庆市端州区151区学院路东侧（一期）,1幢 18层/90套,9984.43,0,0,0,90,0,0,0
163,肇预许字第2018114号,2018年12月20日,江畔雅苑（江畔雅轩）,肇庆市汇丰置业发展有限公司,肇庆市端州区38区前沙街113号,1号楼18层；2号楼27层/237套,26979.01,0,0,0,237,0,0,0
164,肇预许字第2018113号,2018年12月12日,时代公馆,肇庆市天骄御景投资有限公司,肇庆市端州区35区端州七路北侧,3号楼,6025.95,579.64,0,0,60,10,0,0
165,肇预许字第2018112号,2018年12月12日,东骏名城（名城星岸商住中心）B区,肇庆市建安实业发展有限公司,肇庆市端州区端州三路14号,B区第5幢；28层/338套,38146.95,1141.69,0,0,324,14,0,0
166,肇预许字第2018111号,2018年12月12日,凯信君悦湾（嘉湖君悦花园）,肇庆凯信房地产发展有限公司,肇庆市端州区117区凯信君悦湾（嘉湖君悦花园）,第6幢 32层/247套,30749.39,0,0,0,247,0,0,0
167,肇预许字第2018110号,2018年12月6日,敏捷水映澜山雅院,肇庆市敏尚房地产有限公司,肇庆市端州区151区七星一路北侧,5栋  18层/72套,7559.54,0,0,0,72,0,0,0
168,肇预许字第2018109号,2018年11月28日,时代公馆,肇庆市天骄御景投资有限公司,肇庆市端州区35区端州七路北侧,2号楼,6547.89,1600,0,0,58,11,0,0
169,肇预许字第2018108号,2018年11月28日,鸿景紫园,肇庆北岭日灿房地产开发有限公司,肇庆市端州区北岭旅游度假区一区,第120、121、122、123、125、126、133、135、136、137、138、139、150、151、152、153、155、156、157、158、159、160号  3层/22套,2813.58,0,0,0,22,0,0,0
170,肇预许字第2018107号,2018年11月23日,鸿景誉园,肇庆市明苑房产发展有限公司,肇庆市端州区41、42区蕉园路南侧D地块,南区一期1栋A、B座,17914.82,1266.14,0,0,132,15,0,0
171,肇预许字第2018106号,2018年11月21日,肇庆锦绣山河花园七期（三区）11号楼,肇庆市锦绣山河房地产开发有限公司,肇庆市端州区龟山路西侧,11号楼  18层/227套,20119.86,1115.18,0,0,208,19,0,0
172,肇预许字第2018105号,2018年11月21日,敏捷水映澜山雅院,肇庆市敏尚房地产有限公司,肇庆市端州区151区七星一路北侧,8栋及3#商业  18层/84套,7548.75,670.77,0,0,72,12,0,0
173,肇预许字第2018104号,2018年11月20日,敏捷水映澜山雅院,肇庆市敏尚房地产有限公司,肇庆市端州区151区七星一路北侧,9栋及4#商业   18层/80套,7361.69,628.51,0,0,70,10,0,0
174,肇预许字第2018103号,2018年11月20日,敏捷西城都荟广场,肇庆市腾龙置业有限公司,肇庆市端州区35区黄塘路南、桥北路西,4栋住宅商业,14758.73,2061.37,0,0,139,12,0,0
175,肇预许字第2018102号,2018年11月14日,肇庆恒大翡翠华庭商住小区12号商业楼,肇庆国声镭射技术制作有限公司,肇庆市端州区(127区)端州一路东侧（绵山路7号）,12号商业楼,0,449.01,0,0,0,6,0,0
176,肇预许字第2018101号,2018年11月7日,鸿景悦园,肇庆市鸿伟房地产开发有限公司,肇庆市端州区新元路西南侧84区,第8C幢 3层/16套,835.95,548.4,0,0,6,10,0,0
177,肇预许字第2018100号,2018年11月7日,肇庆天骄御景花园二期6号楼,肇庆市天骄御景投资有限公司,肇庆市端州区城东新区103区东调洪湖北侧,6号楼 32层/248套,31228.16,0,0,0,248,0,0,0
178,肇预许字第2018099号,2018年11月6日,肇庆锦绣山河花园六区（八期）3号楼,肇庆市锦绣山河房地产开发有限公司,肇庆市端州区大鼎路南侧/龟顶山西侧,3号楼  18层/136套,12998.2,0,0,0,136,0,0,0
179,肇预许字第2018098号,2018年11月3日,鸿景誉园,肇庆市明苑房产发展有限公司,肇庆市端州区41、42区蕉园路南侧D地块,"南区一期2栋A、B座,17层/136套",13526.49,0,0,0,136,0,0,0
180,肇预许字第2018097号,2018年10月31日,敏捷水映澜山雅院,肇庆市敏尚房地产有限公司,肇庆市端州区151区七星一路北侧,10栋及5#商业 18层/85套,7541.58,812.69,0,0,72,13,0,0
181,肇预许字第2018096号,2018年10月25日,嘉湖绿洲商住小区二期K幢,肇庆市力拓房地产有限公司,肇庆市端州区桂园路南侧、睦洲路东侧（13区）,K幢  21层/204套,17731.41,2538.85,0,0,194,10,0,0
182,肇预许字第2018095号,2018年10月18日,敏捷西城都荟广场,肇庆市腾龙置业有限公司,肇庆市端州区35区黄塘路南、桥北路西,3栋住宅商业,14868.06,1021.89,0,0,140,6,0,0
183,肇预许字第2018094号,2018年10月18日,敏捷水映澜山雅院,肇庆市敏尚房地产有限公司,肇庆市端州区151区七星一路北侧,4栋  18层/54套,6917.22,0,0,0,54,0,0,0
184,肇预许字第2018093号,2018年10月16日,敏捷水映澜山雅院,肇庆市敏尚房地产有限公司,肇庆市端州区151区七星一路北侧,11、12栋及6#商业 18层/163套,14978.49,1233.85,0,0,144,19,0,0
185,肇预许字第2018050号,2019年6月24日,肇庆恒大翡翠华庭商住小区6号商住楼,肇庆国声镭射技术制作有限公司,肇庆市端州区127区端州一路东侧（绵山路7号）,6号商住楼,17619.61,787.58,0,0,138,14,0,0
186,肇预许字第2017006号,2019年3月15日,城市阳光花园4、6、7、9号楼,肇庆市�龃锢�房地产有限公司,肇庆市端州区89区新园中路北侧,4号楼17层、6号楼23层、7号楼16层、9号楼2层/334套,21958.39,9869.56,0,0,242,92,0,0
187,肇预许字第2016079号,2019年3月15日,城市阳光花园3号楼、8号楼,肇庆市�龃锢�房地产有限公司,肇庆市端州区89区新园中路北侧,3号楼16层 8号楼2层/131套,5469.1,9144.33,0,0,56,75,0,0
188,肇预许字第2016071号,2018年11月15日,肇庆.臻汇园二期（幸福湖畔）B区商业一、二区,广东臻汇园置业发展有限公司,肇庆市端州区星湖大道115区,肇庆.臻汇园二期（幸福湖畔）B区商业一、二区 3层/22套,0,3532.02,0,0,0,22,0,0
189,肇预许字第2016048号,2018年11月15日,肇庆.臻汇园二期（幸福湖畔）B区商业三区,广东臻汇园置业发展有限公司,肇庆市端州区星湖大道115区,肇庆.臻汇园二期（幸福湖畔）B区商业三区 3层/11套,0,2009.75,0,0,0,11,0,0
190,肇预许字第2016044号,2018年12月18日,肇庆.臻汇园二期（幸福湖畔）B区商业四区,广东臻汇园置业发展有限公司,肇庆市端州区星湖大道115区,肇庆.臻汇园二期（幸福湖畔）B区商业四区 3层/22套,0,3233.22,0,0,0,22,0,0
191,肇预许字第2014004号,2018年12月12日,富海豪庭_C1C2C3,肇庆市昆隆房地产开发有限公司,肇庆市鼎湖区鼎湖新城四十八区之三,C1C2C3 18/195套,23978.39,867.38,0,0,193,2,0,0
192,肇旺预许字第2019037号,2019年9月27日,新城和昱建设项目2#,肇庆市鼎泰房地产有限公司,肇庆高新区北江大道西南、纬九街南面,2#,26079.04,717.09,0,0,256,16,0,0
193,肇旺预许字第2019036号,2019年9月29日,新城和昱建设项目1#楼,肇庆市鼎泰房地产有限公司,肇庆高新区北江大道西南、纬九街南面,1#楼,17998.8,127.61,0,0,192,3,0,0
194,肇旺预许字第2019035号,2019年9月27日,东澳御园：1#、2#、3#楼,肇庆东澳房地产有限公司,肇庆高新区中心服务区大旺大道东面、政德街北面,1#、2#、3#楼32栋/397套,27598.68,1320.94,0,0,372,25,0,0
195,肇旺预许字第2019034号,2019年9月24日,肇庆保利心悦花园3座,肇庆市弘旺企业管理有限公司,肇庆市高新区大旺大道67号肇庆保利心悦花园,3座：地下1层,15193.6,0,0,0,192,0,0,0
196,肇旺预许字第2019033号,2019年9月24日,玖龙湖南花园9#楼,肇庆市高新区龙光铂骏房地产有限公司,广东省肇庆高新技术开发区大旺大道40号,9#楼32层/245套,25551.44,1258.94,0,0,217,28,0,0
197,肇旺预许字第2019032号,2019年9月17日,东湖明珠花园5#楼6#楼,肇庆杰林投资开发有限公司,肇庆高新区东湖明珠花园5#楼（1座、2座）6#楼（1座）,"栋号：5#楼6#楼
层数：31层/406套",30139.8,1698.8,0,0,360,46,0,0
198,肇旺预许字第2019031号,2019年9月17日,合景天峻花园：5#、6#,肇庆昊泰房地产开发有限公司,肇庆市高新区纬四街6号,5#（33层）、6#（33层）/256套,22304.64,0,0,0,256,0,0,0
199,肇旺预许字第2019030号,2019年9月11日,肇庆保利心悦花园8座,肇庆市弘旺企业管理有限公司,肇庆市高新区大旺大道67号肇庆保利心悦花园,8座：地下1层,14281.28,745.17,0,0,128,14,0,0
200,肇旺预许字第2019029号,2019年9月4日,新域公寓B栋,肇庆市高新区志远房地产开发有限公司,肇庆高新区迎宾大道2号之三新域公寓B栋,新域公寓B栋10层/189套,,9812.89,0,0,,189,0,0
201,肇旺预许字第2019028号,2019年9月4日,新域公寓A栋,肇庆市高新区志远房地产开发有限公司,肇庆高新区迎宾大道2号之三新域公寓A栋,A栋10层/202套,,10061.26,0,0,,202,0,0
202,肇旺预许字第2019027号,2019年8月16日,肇庆保利心悦花园1座,肇庆市弘旺企业管理有限公司,肇庆市高新区大旺大道67号肇庆保利心悦花园,1座：地下1层,15193.6,0,0,0,192,0,0,0
203,肇旺预许字第2019026号,2019年8月9日,肇庆保利心悦花园7座,肇庆市弘旺企业管理有限公司,肇庆市高新区大旺大道67号肇庆保利心悦花园,7座：地下1层,14643.84,290.43,0,0,128,5,0,0
204,肇旺预许字第2019025号,2019年7月26日,肇庆保利心悦花园2座,肇庆市弘旺企业管理有限公司,肇庆市高新区大旺大道67号肇庆保利心悦花园,2座：地下1层,15193.6,0,0,0,192,0,0,0
205,肇旺预许字第2019024号,2019年7月18日,君山新城二期17栋,肇庆恒兆房地产开发有限公司,肇庆高新区建设路11号,17栋/31层/193套,14767.2,773.95,0,0,180,13,0,0
206,肇旺预许字第2019023号,2019年7月18日,君山新城二期10栋,肇庆恒兆房地产开发有限公司,肇庆市高新区建设路11号,10栋/32层/123套,14128.19,0,0,0,123,0,0,0
207,肇旺预许字第2019022号,2019年7月12日,诚德馨园12#13#,肇庆市诚德房地产开发有限公司,肇庆高新区福安街2号诚德馨园12#13#,"12#27层
13#27层/222套",22877.14,603.06,0,0,208,14,0,0
208,肇旺预许字第2019021号,2019年7月3日,新城和昱建设项目7#楼,肇庆市鼎泰房地产有限公司,肇庆高新区北江大道西面、纬九街南面,7#楼,14266.24,0,0,0,128,0,0,0
209,肇旺预许字第2019020号,2019年6月13日,东澳御园：4#楼,肇庆东澳房地产有限公司,肇庆高新区中心服务区大旺大道东面、政德街北面,4#楼32层/193套,16797.04,364.57,0,0,186,7,0,0
210,肇旺预许字第2019019号,2019年6月10日,肇庆保利心悦花园5座,肇庆市弘旺企业管理有限公司,肇庆市高新区大旺大道67号肇庆保利心悦花园,5座：地下1层,20963.2,0,0,0,192,0,0,0
211,肇旺预许字第2019018号,2019年5月23日,玖龙湖南花园10#楼,肇庆市高新区龙光铂骏房地产有限公司,广东省肇庆高新技术开发区大旺大道40号,10#楼32层/264套,25134.8,659.96,0,0,248,16,0,0
212,肇旺预许字第2019017号,2019年4月28日,旺城・新域,肇庆市高新区志远房地产开发有限公司,肇庆高新区南部商务区迎宾大道西侧旺城新域C栋,C栋10层/195套,,9518.52,0,0,,195,0,0
213,肇旺预许字第2019016号,2019年4月28日,肇庆保利心悦花园6座,肇庆市弘旺企业管理有限公司,肇庆市高新区大旺大道67号肇庆保利心悦花园,6座：地下1层,20961.92,647.57,0,0,192,10,0,0
214,肇旺预许字第2019015号,2019年4月8日,新城和昱建设项目4#楼,肇庆市鼎泰房地产有限公司,肇庆高新区中心服务区北江大道西面、纬九街南面,4#楼,17965.44,64.38,0,0,192,2,0,0
215,肇旺预许字第2019014号,2019年4月8日,新城和昱建设项目3#楼,肇庆市鼎泰房地产有限公司,肇庆高新区中心服务区北江大道西面、纬九街南面,3#楼,26094.72,523.81,0,0,256,12,0,0
216,肇旺预许字第2019013号,2019年4月1日,君山新城二期9栋,肇庆恒兆房地产开发有限公司,肇庆高新区建设路11号,9栋/31层/120套,12574.2,0,0,0,120,0,0,0
217,肇旺预许字第2019012号,2019年4月2日,御龙湖花园3号楼商业,肇庆珠影文体产业投资有限公司,肇庆高新区福安街10号御龙湖花园3号楼商业,3号楼商业,0,526.6,0,0,0,16,0,0
218,肇旺预许字第2019011号,2019年4月2日,御龙湖花园4号楼商业,肇庆珠影文体产业投资有限公司,肇庆高新区福安街10号御龙湖花园4号楼商业,4号楼商业,0,555.78,0,0,0,13,0,0
219,肇旺预许字第2019010号,2019年4月2日,御龙湖花园11号楼商业,肇庆珠影文体产业投资有限公司,肇庆高新区福安街10号御龙湖花园11号楼商业,11号楼商业,0,715.66,0,0,0,16,0,0
220,肇旺预许字第2019009号,2019年4月2日,御龙湖花园10号楼商业,肇庆珠影文体产业投资有限公司,肇庆高新区福安街10号御龙湖花园10号楼商业,10号楼商业,0,709.43,0,0,0,16,0,0
221,肇旺预许字第2019008号,2019年4月2日,肇庆保利心悦花园21座,肇庆市弘旺企业管理有限公司,肇庆市高新区大旺大道67号肇庆保利心悦花园,21座：地下1层,14925.76,0,0,0,128,0,0,0
222,肇旺预许字第2019007号,2019年3月6日,玖龙湖南花园1#楼,肇庆市高新区龙光铂骏房地产有限公司,广东省肇庆高新技术开发区大旺大道40号,1#楼32层/258套,25893.06,420.52,0,0,248,10,0,0
223,肇旺预许字第2019006号,2019年3月5日,信业尚悦湾花园8栋9栋,肇庆高新区鼎泓房地产开发有限公司,肇庆高新区中心服务区经二十路东面、纬四街南面地段,8栋32层,22873.97,722.12,0,0,248,12,0,0
224,肇旺预许字第2019005号,2019年2月18日,玖龙湖南花园4#楼,肇庆市高新区龙光铂骏房地产有限公司,广东省肇庆高新技术开发区大旺大道40号,4#楼28层/220套,22123.09,366.58,0,0,212,8,0,0
225,肇旺预许字第2019004号,2019年1月24日,合景天峻花园：3#、4#,肇庆昊泰房地产开发有限公司,肇庆市高新区纬四街6号,3#（32层）、4#（32层）/252套,21986.13,257.08,0,0,248,4,0,0
226,肇旺预许字第2019003号,2019年1月25日,香江雅苑:6#,肇庆东恒房地产有限公司,肇庆市高新区北江大道27号香江雅苑6#,6#；28层/251套,20790,1183.46,0,0,216,35,0,0
227,肇旺预许字第2019002号,2019年1月25日,香江雅苑:1#,肇庆东恒房地产有限公司,肇庆市高新区北江大道27号香江雅苑1#,1#；28层/238套,19998.36,983.6,0,0,216,22,0,0
228,肇旺预许字第2019001号,2019年1月14日,景泰蓝湾3号商业楼、住宅楼A,肇庆市占雄房地产开发有限公司,肇庆高新区景泰二路2号景泰蓝湾3号商业楼、住宅楼,3号商业楼、住宅楼A；31层/121套,12052.04,451.76,0,0,115,6,0,0
229,肇旺预许字第2018074号,2018年12月26日,君山新城二期16栋,肇庆恒兆房地产开发有限公司,肇庆高新区建设路11号,16栋/31层/192套,14775.6,716.06,0,0,180,12,0,0
230,肇旺预许字第2018073号,2018年12月26日,景泰蓝湾3号商业楼、住宅楼B,肇庆市占雄房地产开发有限公司,肇庆高新区景泰二路2号景泰蓝湾3号商业楼、住宅楼,3号商业楼、住宅楼B,11336.22,410.6,0,0,115,4,0,0
231,肇旺预许字第2018072号,2018年11月30日,东湖明珠花园4#楼,肇庆杰林投资开发有限公司,肇庆高新区纬四街4号东湖明珠花园4#楼（1座、2座）,"栋号：4#楼
层数：31层/257套",22077,617.3,0,0,240,17,0,0
232,肇旺预许字第2018071号,2018年11月29日,合景天峻花园：9#,肇庆昊泰房地产开发有限公司,肇庆市高新区纬四街6号,9#（32层）/131套,10797.74,598.86,0,0,120,11,0,0
233,肇旺预许字第2018070号,2018年11月26日,诚德馨园16#17#,肇庆市诚德房地产开发有限公司,肇庆高新区福安街2号诚德馨园16#17#,"16#16层
17#16层/140套",12633.75,1002.53,0,0,120,20,0,0
234,肇旺预许字第2018069号,2018年11月7日,玖龙湖北花园2#商务公寓,肇庆市高新区龙光房地产有限公司,肇庆市高新区大旺大道40号玖龙湖北花园,2#商务公寓20层/686套,0,740.95,0,27009.07,0,21,0,665
235,肇旺预许字第2018068号,2018年11月9日,信业尚悦湾花园3栋4栋14栋,肇庆高新区鼎泓房地产开发有限公司,肇庆高新区中心服务区经二十路东面、纬四街南面,3栋4栋32层,22886.68,1018.16,0,0,248,19,0,0
236,肇旺预许字第2018067号,2018年11月2日,玖龙湖南花园3#楼,肇庆市高新区龙光铂骏房地产有限公司,广东省肇庆高新技术开发区大旺大道40号,3#楼32层/124套,13454.62,0,0,0,124,0,0,0
237,肇旺预许字第2018066号,2018年10月25日,恒大绿洲花园8#楼,肇庆海博贸易有限公司,肇庆市高新区北江大道15号,8#楼（共2单元）,25858.96,0,0,0,248,0,0,0
238,肇旺预许字第2018065号,2018年10月25日,恒大绿洲花园14#楼、15#楼,肇庆海博贸易有限公司,肇庆市高新区北江大道15号,14#楼,37375.46,0,0,0,341,0,0,0
239,肇旺预许字第2018064号,2018年10月24日,合景天峻花园：8#,肇庆昊泰房地产开发有限公司,肇庆市高新区纬四街6号,8#（26层）/100套,9744,0,0,0,100,0,0,0
240,肇旺预许字第2018063号,2018年10月19日,玖龙湖南花园2#楼,肇庆市高新区龙光铂骏房地产有限公司,广东省肇庆高新技术开发区大旺大道40号,2#楼32层/124套,13436.02,0,0,0,124,0,0,0
241,肇旺预许字第2018062号,2018年10月15日,肇庆保利心悦花园18座,肇庆市弘旺企业管理有限公司,肇庆市高新区大旺大道67号肇庆保利心悦花园,18座：地下1层,14721.92,0,0,0,128,0,0,0
242,肇新预许字第2019029号,2019年10月17日,肇庆新区康耀花园（西区）,肇庆新区康耀房地产开发有限公司,肇庆新区ZB03区XQ-0301号,9栋     32层/93套,13988.44,0,0,0,93,0,0,0
243,肇新预许字第2019028号,2019年10月17日,肇庆新区康耀花园（西区）,肇庆新区康耀房地产开发有限公司,肇庆新区ZB03区XQ-0301号,1栋    26层/118套,10804.46,1026.37,0,0,98,20,0,0
244,肇新预许字第2019027号,2019年10月14日,保利湖畔花园4幢,肇庆宏顺房地产开发有限公司,肇庆市肇庆新区XZ17区(XQ-XZ1701),4幢  33层/135套,13953.92,489.83,0,0,128,7,0,0
245,肇新预许字第2019026号,2019年10月14日,保利湖畔花园3幢,肇庆宏顺房地产开发有限公司,肇庆市肇庆新区XZ17区(XQ-XZ1701),3幢  33层/141套,13949.76,782.6,0,0,128,13,0,0
246,肇新预许字第2019025号,2019年10月12日,龙光新领地花园三期项目（F区）3栋,龙光世纪（肇庆）置业有限公司,肇庆新区绿轴四路16号,3栋  33层/173套,15040.21,422.37,0,0,159,14,0,0
247,肇新预许字第2019024号,2019年9月23日,弘达-学府嘉园,肇庆市鼎湖卓易房地产开发有限公司,肇庆市鼎湖区莲花镇莲安路西18号弘达-学府嘉园,1栋/2栋  1栋17层/2栋5层/87套,7604.57,1398.67,0,0,72,15,0,0
248,肇新预许字第2019023号,2019年9月20日,肇庆新区康耀花园（西区）,肇庆新区康耀房地产开发有限公司,肇庆新区ZB03区XQ-0301号,10栋    26层/75套,10422.25,0,0,0,75,0,0,0
249,肇新预许字第2019022号,2019年9月20日,肇庆新区康耀花园（西区）,肇庆新区康耀房地产开发有限公司,肇庆新区ZB03区XQ-0301号,8栋   32层/93套,13986.89,0,0,0,93,0,0,0
250,肇新预许字第2019021号,2019年9月20日,肇庆新区康耀花园（西区）,肇庆新区康耀房地产开发有限公司,肇庆新区ZB03区XQ-ZB0301号,7栋   32层/93套,13988.44,0,0,0,93,0,0,0
251,肇新预许字第2019020号,2019年9月20日,肇庆新区康耀花园（西区）,肇庆新区康耀房地产开发有限公司,肇庆新区ZB03区XQ-ZB0301号,4栋   26层/110套,10822.55,582.25,0,0,98,12,0,0
252,肇新预许字第2019019号,2019年9月20日,肇庆新区康耀花园（西区）,肇庆新区康耀房地产开发有限公司,肇庆新区ZB03区XQ-ZB0301号,3-1栋,21740.12,753.96,0,0,197,13,0,0
253,肇新预许字第2019018号,2019年9月12日,保利湖畔花园8幢,肇庆宏顺房地产开发有限公司,肇庆市肇庆新区XZ17区(XQ-XZ1701),8幢 29层/112套,13112.68,0,0,0,112,0,0,0
254,肇新预许字第2019017号,2019年9月11日,龙光新领地花园三期项目（F区）7栋,龙光世纪（肇庆）置业有限公司,肇庆新区绿轴四路16号,7栋 33层/163套,16043.28,0,0,0,163,0,0,0
255,肇新预许字第2019016号,2019年9月11日,龙光新领地花园三期项目（F区）4栋,龙光世纪（肇庆）置业有限公司,肇庆新区绿轴四路16号,4栋  33层/165套,15049.13,181.33,0,0,159,6,0,0
256,肇新预许字第2019015号,2019年9月11日,海晟花园三期五座（8栋、9栋、10栋）,肇庆市鼎湖区海晟房地产开发有限公司,肇庆市鼎湖区莲花镇莲业路19号海晟花园五座（8栋、9栋、10栋）,五座（8栋、9栋、10栋）16层/193套,16217.1,871.22,0,0,180,13,0,0
257,肇新预许字第2019014号,2019年7月23日,宝能城住宅一期1幢,肇庆市宝能投资有限公司,肇庆新区迎宾路9号,1幢32层/234套,25835.81,137.33,0,0,232,2,0,0
258,肇新预许字第2019013号,2019年4月29日,中海新城公馆33-35座,肇庆中海嘉兴房地产开发有限公司,肇庆新区吉庆大道9号,33座18层,15308.98,0,0,0,107,0,0,0
259,肇新预许字第2019012号,2019年4月29日,中海新城公馆30-32座,肇庆中海嘉兴房地产开发有限公司,肇庆新区吉庆大道9号,30座18层,15432.94,0,0,0,108,0,0,0
260,肇新预许字第2019011号,2019年4月22日,宝能城住宅一期3幢,肇庆市宝能投资有限公司,肇庆市新区ZZ66区（XQ-ZZ2601）,3幢,14743.2,792.33,0,0,120,12,0,0
261,肇新预许字第2019010号,2019年4月11日,保利花园二期3幢,保利肇庆投资有限公司,肇庆新区XQ-XZ0701-A（肇庆新区砚阳路6号）,3幢  32层/99套,13724.32,341.15,0,0,93,6,0,0
262,肇新预许字第2019009号,2019年4月11日,保利湖畔花园6幢,肇庆宏顺房地产开发有限公司,肇庆市肇庆新区XZ17区(XQ-XZ1701),6幢 29层/112套,13101.48,0,0,0,112,0,0,0
263,肇新预许字第2019008号,2019年4月11日,保利湖畔花园5幢,肇庆宏顺房地产开发有限公司,肇庆市肇庆新区XZ17区(XQ-XZ1701),5幢 30层/116套,13219.94,0,0,0,116,0,0,0
264,肇新预许字第2019007号,2019年3月8日,海晟花园三期六座（11栋、12栋、13栋）,肇庆市鼎湖区海晟房地产开发有限公司,肇庆市鼎湖区莲花镇莲业路19号海晟花园六座（11栋、12栋、13栋）,三期六座（11栋、12栋、13栋）/16层/191套,16232.1,861.82,0,0,180,11,0,0
265,肇新预许字第2019006号,2019年3月8日,保利花园二期2幢,保利肇庆投资有限公司,肇庆新区XQ-XZ0701-A（肇庆新区砚阳路6号）,2幢  33层/256套,28236.8,0,0,0,256,0,0,0
266,肇新预许字第2019005号,2019年1月30日,保利湖畔花园1幢,肇庆宏顺房地产开发有限公司,肇庆市肇庆新区XZ17区(XQ-XZ1701),1幢 33层/135套,13952.64,452.98,0,0,128,7,0,0
267,肇新预许字第2019004号,2019年1月29日,中海新城公馆36-37座,肇庆中海嘉兴房地产开发有限公司,肇庆新区吉庆大道9号,36座18层,9230.14,0,0,0,72,0,0,0
268,肇新预许字第2019003号,2019年1月29日,中海新城公馆28-29座,肇庆中海嘉兴房地产开发有限公司,肇庆新区吉庆大道9号,28座18层,9230.14,0,0,0,72,0,0,0
269,肇新预许字第2019002号,2019年1月10日,肇庆新区康乐花园小型商业二,肇庆中凯房地产开发有限公司,肇庆新区ZB05区（XQ-ZB0501）,小型商业二/2层/11套,0,1009.82,0,0,0,11,0,0
270,肇新预许字第2019001号,2019年1月10日,肇庆新区康乐花园小型商业一,肇庆中凯房地产开发有限公司,肇庆新区ZB05区（XQ-ZB0501）,小型商业一/2层/9套,0,696.5,0,0,0,9,0,0
271,肇新预许字第2018027号,2018年12月29日,保利湖畔花园2幢,肇庆宏顺房地产开发有限公司,肇庆市肇庆新区XZ17区(XQ-XZ1701),2幢 33层/141套,13949.44,782.6,0,0,128,13,0,0
272,肇新预许字第2018026号,2018年12月20日,中海新城公馆48座,肇庆中海嘉兴房地产开发有限公司,肇庆新区吉庆大道9号,48座1层/5套,0,333.75,0,0,0,5,0,0
273,肇新预许字第2018025号,2018年12月20日,中海新城公馆47座,肇庆中海嘉兴房地产开发有限公司,肇庆新区吉庆大道9号,47座1层/5套,0,338.26,0,0,0,5,0,0
274,肇新预许字第2018024号,2018年12月20日,中海新城公馆46座,肇庆中海嘉兴房地产开发有限公司,肇庆新区吉庆大道9号,46座1层/8套,0,640.75,0,0,0,8,0,0
275,肇新预许字第2018023号,2018年12月20日,中海新城公馆21-22座,肇庆中海嘉兴房地产开发有限公司,肇庆新区吉庆大道9号,21座18层,10005.39,193.88,0,0,70,3,0,0
276,肇新预许字第2018022号,2018年12月13日,中海新城公馆1-3座,肇庆中海嘉兴房地产开发有限公司,肇庆新区吉庆大道9号,1座18层、2座18层、3座18层/108套,11957.04,0,0,0,108,0,0,0
277,肇新预许字第2018021号,2018年10月30日,中海新城公馆26-27座,肇庆中海嘉兴房地产开发有限公司,肇庆新区吉庆大道9号,26座18层、27座18层/72套,9230.14,0,0,0,72,0,0,0
278,肇新预许字第2018020号,2018年10月30日,中海新城公馆23-25座,肇庆中海嘉兴房地产开发有限公司,肇庆新区政文组团XQ-XZ0601,23座18层、24座18层、25座18层/108套,15433.02,0,0,0,108,0,0,0
279,肇新预许字第2018019号,2018年10月30日,中海新城公馆9-11座,肇庆中海嘉兴房地产开发有限公司,肇庆新区政文组团XQ-XZ0601,9座18层,15433.02,0,0,0,108,0,0,0
280,怀预许字第201947号,2019年10月22日,鸿景城东苑,怀集县鑫源矿业有限公司,怀集县怀城镇龙湾圩背,4B幢25层/99套,10942.15,0,0,0,99,0,0,0
281,怀预许字第201946号,2019年10月16日,4幢,怀集县富威堡房地产有限公司,怀集县怀城镇横洞工业区,4幢    17层/53套,5611.52,362.71,0,0,48,5,0,0
282,怀预许字第201945号,2019年10月16日,3幢,怀集县富威堡房地产有限公司,怀集县怀城镇横洞工业区,3幢     17层/54套,5610.08,436.09,0,0,48,6,0,0
283,怀预许字第201944号,2019年10月14日,鸿景城东苑,怀集县鑫源矿业有限公司,怀集县怀城镇龙湾圩背,第2幢11层/44套,5049.86,0,0,0,44,0,0,0
284,怀预许字第201943号,2019年10月11日,幸福上品居,怀集县幸福房产有限公司,怀集县怀城镇毓凤路幸福上品居,J1栋  11层/45套,4234.63,0,0,0.82,44,0,0,1
285,怀预许字第201942号,2019年9月20日,方圆・怀集滨江一号10栋,怀集县雍桦园房地产发展有限公司,怀集县幸福片区（旦家坪）c-14-1/2地块,10栋/32层/126套,15033.96,0,0,0,126,0,0,0
286,怀预许字第201941号,2019年9月20日,方圆・怀集滨江一号9栋,怀集县雍桦园房地产发展有限公司,怀集县幸福片区（旦家坪）c-14-1/2地块,9栋/32层/128套,15226.51,0,0,0,128,0,0,0
287,怀预许字第201940号,2019年9月23日,时代国际新城三期8座,怀集县时代房地产投资开发有限公司,怀集县怀城镇三江南路8号时代国际新城三期8座,三期8座、2层/11套,0,895.32,0,82.48,0,9,0,2
288,怀预许字第201939号,2019年9月23日,时代国际新城三期7座,怀集县时代房地产投资开发有限公司,怀集县怀城镇三江南路8号时代国际新城三期7座,三期7座、2层/9套,0,890.13,0,0,0,9,0,0
289,怀预许字第201938号,2019年9月23日,时代国际新城三期10座,怀集县时代房地产投资开发有限公司,怀集县怀城镇三江南路8号时代国际新城三期10座,三期10座、2层/27套,0,2764.88,0,4.59,0,26,0,1
290,怀预许字第201935号,2019年9月24日,世纪明珠3栋,怀集县德奥置业有限公司,怀集县怀城镇龙湾世纪明珠,3栋、32层/240套,27992.48,0,0,0,240,0,0,0
291,怀预许字第201934号,2019年9月20日,“腾业悦珑郡花园”第1幢、第2幢、第3幢,广东腾业实业发展集团有限公司,怀集县怀城镇站前大道,第1幢,6539.52,1081.43,0,0,48,18,0,0
292,怀预许字第201933号,2019年9月4日,幸福商贸城,怀集县富方圆房地产开发有限公司,怀集县大岗圩镇,B1、B2两幢16层、B3幢5层/113套,9979.69,4240.96,0,69.25,84,28,0,1
293,怀预许字第201932号,2019年9月4日,紫龙帝景7#楼,怀集县华威房地产发展有限公司,怀集县怀城镇龙湾村（旧纸厂）,紫龙帝景7#楼 18层/72套,7671.16,0,0,0,72,0,0,0
294,怀预许字第201931号,2019年9月4日,紫龙帝景6#楼,怀集县华威房地产发展有限公司,怀集县怀城镇龙湾村（旧纸厂）,紫龙帝景6#楼  18层/144套,15832.26,0,0,0,144,0,0,0
295,怀预许字第201930号,2019年8月12日,鸿景城东苑,怀集县鑫源矿业有限公司,怀集县怀城镇龙湾圩背,4A幢25层/99套,10942.15,0,0,0,99,0,0,0
296,怀预许字第201929号,2019年8月12日,鸿景城（西区）,怀集合力实业发展有限公司,怀集县怀城镇南巴,第3C幢2层/29套,0,1917.61,0,0,0,29,0,0
297,怀预许字第201928号,2019年8月7日,7#楼,怀集县基盛房地产开发有限公司,怀集县怀城镇幸福大道星龙花园,7#楼   29层/228套,28321.12,0,0,0,228,0,0,0
298,怀预许字第201927号,2019年8月2日,恒福新里程88座,怀集恒福华怡实业发展有限公司,怀集县怀城镇三江北路1号恒福新里程88座,88座3层/21套,0,2689.87,0,0,0,21,0,0
299,怀预许字第201926号,2019年8月2日,清华园5-7号住宅、1-2号商业楼,广东鸿一房地产开发有限公司,怀集县怀城镇莲花庄清华园,清华园5-7号住宅29层、1-2号商业楼2层/369套,37025.91,6203.04,0,0,334,35,0,0
300,怀预许字第201925号,2019年7月26日,方凯天悦城10栋,怀集县方凯房地产有限公司,怀集县怀城镇站前大道K-10地块,10栋,14365.71,0,0,0,124,0,0,0
301,怀预许字第201924号,2019年7月26日,方凯天悦城8栋,怀集县方凯房地产有限公司,怀集县怀城镇站前大道K-10地块,8栋,14315.18,0,0,0,124,0,0,0
302,怀预许字第201923号,2019年6月28日,时代国际新城四期2幢,怀集县时代房地产投资开发有限公司,怀集县怀城镇怀高片区沙口垌时代国际新城四期2幢,2幢,0,414.87,0,0,0,7,0,0
303,怀预许字第201922号,2019年6月28日,时代国际新城四期1幢,怀集县时代房地产投资开发有限公司,怀集县怀城镇怀高片区沙口垌时代国际新城四期1幢,1幢、28层/238套,23670.36,921.13,0,98.27,216,17,0,5
304,怀预许字第201921号,2019年6月5日,清华园,广东鸿一房地产开发有限公司,怀集县怀城镇莲花庄清华园,2幢29层,37124.18,0,0,0,335,0,0,0
305,怀预许字第201920号,2019年5月26日,鸿景城（西区）,怀集合力实业发展有限公司,怀集县怀城镇南巴,第6幢A29层/B2层/141套,12365.64,1943.55,0,0,112,29,0,0
306,怀预许字第201919号,2019年5月16日,幸福上品居,怀集县幸福房产有限公司,怀集县怀城镇毓凤路幸福上品居,"K1栋 23层
K2栋 23层/180套",18586.23,0,0,0,180,0,0,0
307,怀预许字第201918号,2019年4月29日,恒福新里程高层13座,怀集恒福华怡实业发展有限公司,怀集县怀城镇三江北路1号恒福新里程高层13座,13座33层/134套,14045.17,420.02,0,0,128,6,0,0
308,怀预许字第201917号,2019年4月29日,怀集恒福新里程10座,怀集恒福华怡实业发展有限公司,怀集县怀城镇三江北路1号恒福新里程高层10座,10栋,15461.44,0,0,0,128,0,0,0
309,怀预许字第201916号,2019年4月29日,怀集恒福新里程9座,怀集恒福华怡实业发展有限公司,怀集县怀城镇三江北路1号恒福新里程高层9座,9栋,15459.85,0,0,0,128,0,0,0
310,怀预许字第201915号,2019年4月29日,怀集恒福新里程6座,怀集恒福华怡实业发展有限公司,怀集县怀城镇三江北路1号恒福新里程高层6座,6栋,14880.69,0,0,0,96,0,0,0
311,怀预许字第201914号,2019年4月24日,方凯天悦城6栋,怀集县方凯房地产有限公司,怀集县怀城镇站前大道K-10地块,6栋,14316.42,0,0,0,124,0,0,0
312,怀预许字第201913号,2019年4月24日,鸿景城・东苑,怀集县鑫源矿业有限公司,怀集县怀城镇龙湾圩镇,第1幢11层/44套,5049.86,0,0,0,44,0,0,0
313,怀预许字第201912号,2019年4月12日,山水云天.畔山公馆8幢,怀集县金菱商贸有限公司,怀集县怀城镇站前路侧(金佳花园后背),"8幢,31层/119套",16311.35,0,0,22.56,117,0,0,2
314,怀预许字第201911号,2019年4月3日,B13幢,怀集县悦德实业发展有限公司,怀集县怀城镇育秀,B13幢 32/124套,14452.51,0,0,0,124,0,0,0
315,怀预许字第201910号,2019年4月3日,B12幢,怀集县悦德实业发展有限公司,怀集县怀城镇育秀,B12幢 32层/124套,14476.69,0,0,0,124,0,0,0
316,怀预许字第201909号,2019年3月14日,海逸国际广场A幢,怀集燕岩旅游发展有限公司,怀集县城解放南路,海逸国际广场A幢  13层/217套,0,11439.74,0,0,0,217,0,0
317,怀预许字第201908号,2019年3月6日,鸿景城东苑,怀集县鑫源矿业有限公司,怀集县怀城镇龙湾圩背,第3幢11层/44套,5049.86,0,0,0,44,0,0,0
318,怀预许字第201907号,2019年2月25日,海逸国际广场B幢,怀集燕岩旅游发展有限公司,怀集县城解放南路,海逸国际广场B幢  13层/178套,0,9075.88,0,47.72,0,177,0,1
319,怀预许字第201906号,2019年2月1日,山水云天.畔山公馆7幢,怀集县金菱商贸有限公司,怀集县怀城镇站前路侧(金佳花园后背),"7幢,31/122套",13902.6,0,0,21.36,120,0,0,2
320,怀预许字第201905号,2019年5月16日,云锦新��,怀集县时代房地产投资开发有限公司,怀集县怀城镇解放南路43号,1栋/133套,6580.31,0,0,401.27,128,0,0,5
321,怀预许字第201904号,2019年1月9日,怀集恒福新里程高层11.12座,怀集恒福华怡实业发展有限公司,怀集县怀城镇三江北路1号恒福新里程高层11座12座,11栋,28085.88,1049.52,0,0,256,15,0,0
322,怀预许字第201903号,2019年1月9日,怀集恒福新里程8座,怀集恒福华怡实业发展有限公司,怀集县怀城镇三江北路1号恒福新里程高层8座,8栋,15538.78,0,0,0,128,0,0,0
323,怀预许字第201902号,2019年1月9日,怀集恒福新里程7座,怀集恒福华怡实业发展有限公司,怀集县怀城镇三江北路1号恒福新里程高层7座,7栋,15539.4,0,0,0,128,0,0,0
324,怀预许字第201901号,2019年1月18日,方圆・怀集滨江一号5栋,怀集县雍桦园房地产发展有限公司,怀集县幸福片区（旦家坪）C-14-1/2地块,32层/125套,15242.82,0,0,0,125,0,0,0
325,怀预许字第2019005号,2019年1月19日,鸿景城（西区）,怀集合力实业发展有限公司,怀集县怀城镇南巴,第3A幢29层/112套,12388.88,0,0,0,112,0,0,0
326,怀预许字第201862号,2018年12月27日,锦秀华庭,怀集茂锦房地产开发有限公司,怀集县怀城镇解放北路登云亭,锦秀华庭  18层/130套,12253.92,2851.98,0,36.12,118,11,0,1
327,怀预许字第201860号,2018年12月14日,方圆・怀集滨江一号4栋,怀集县雍桦园房地产发展有限公司,怀集县幸福片区（旦家坪）C-14-1/2地块,32层/126套,15045.21,0,0,0,126,0,0,0
328,怀预许字第201859号,2018年12月14日,方圆・怀集滨江一号3栋,怀集县雍桦园房地产发展有限公司,怀集县幸福片区（旦家坪）C-14-1/2地块,32层/126套,15045.21,0,0,0,126,0,0,0
329,怀预许字第201858号,2018年12月14日,碧桂园・玖珑湾一标段D区十四号楼,怀集鸿灏投资有限公司,怀集县怀城镇沿江北路碧桂园・玖珑湾芷兰湾30、31座,碧桂园・玖珑湾一标段十四号楼        33层（有地下室）/274套,29875.8,1159.33,0,0,256,18,0,0
330,怀预许字第201856号,2018年11月23日,9#楼,怀集县基盛房地产开发有限公司,怀集县怀城镇幸福大道星龙花园,9#楼   29层/218套,25421.48,930.86,0,0,212,6,0,0
331,怀预许字第201855号,2018年11月23日,世纪明珠2栋,怀集县德奥置业有限公司,怀集县怀城镇龙湾世纪明珠,2栋、17层/139套,12701.44,810.52,0,0,128,11,0,0
332,怀预许字第201854号,2018年11月23日,世纪明珠1栋,怀集县德奥置业有限公司,怀集县怀城镇龙湾世纪明珠,1栋、17层/217套,18935.36,1983.52,0,0,192,25,0,0
333,怀预许字第201853号,2018年12月9日,清华名都,肇庆市大田房地产开发有限公司,怀集县怀城镇怀高村委会怀高洞路段,清华名都1幢,33846.94,1996.81,0,0,306,40,0,0
334,怀预许字第201852号,2018年11月19日,B10幢,怀集县悦德实业发展有限公司,怀集县怀城镇育秀,B10幢 31层/120套,13977.6,0,0,0,120,0,0,0
335,怀预许字第201851号,2018年10月31日,御江景苑,怀集美钧房地产开发有限公司,怀集县怀城镇怀高糯田��,1#楼25层/152套,19150.82,610.3,0,0,142,10,0,0
336,怀预许字第201850号,2018年10月19日,鸿景城（西区）,怀集合力实业发展有限公司,怀集县怀城镇南巴,第7幢A/B29层/245套,25158.8,686.29,0,0,228,17,0,0
337,怀预许字第201849号,2018年10月19日,鸿景城（西区）,怀集合力实业发展有限公司,怀集县怀城镇南巴,第3B幢29层/114套,12716.55,0,0,0,114,0,0,0
338,怀预许字第201848号,2018年10月13日,山水云天.畔山公馆6幢,怀集县金菱商贸有限公司,怀集县怀城镇站前路侧(金佳花园后背),6幢、30层/119套,13194.42,0,0,34.92,116,0,0,3
339,怀预许字第201847号,2018年10月13日,山水云天.畔山公馆5幢,怀集县金菱商贸有限公司,怀集县怀城镇站前路侧(金佳花园后背),5幢、30层/116套,12477.54,0,0,0,116,0,0,0
340,怀预许字第201846号,2018年10月13日,山水云天.畔山公馆4幢,怀集县金菱商贸有限公司,怀集县怀城镇站前路侧(金佳花园后背),4幢、30层/117套,12009.19,0,0,93.86,116,0,0,1
341,怀预许字第201845号,2018年10月13日,山水云天.畔山公馆3幢,怀集县金菱商贸有限公司,怀集县怀城镇站前路侧(金佳花园后背),3幢、30层/117套,11783.57,0,0,109.06,116,0,0,1
342,怀预许字第201844号,2018年10月15日,世纪绿洲花园8栋,怀集县世纪投资有限公司,怀集县怀城镇幸福南路上登鸭,8栋、30层/232套,26265.88,0,0,0,232,0,0,0
343,怀预许字第2018063号,2018年12月29日,时代国际新城三期（4座、5座、6座）,怀集县时代房地产投资开发有限公司,怀集县怀城镇三江南路8号恒福时代城三期,"三期4座、31层
三期5座、31层
三期6座、17层/266套",30424.26,1525.54,0,251.61,228,35,0,3
344,怀预许字第2018061号,2018年12月29日,怀集县怀城镇马岭头丽景花园A、B、C幢,怀集县天宇房地产开发有限公司,怀集县怀城镇马岭头,A幢、B幢、C幢/17层/221套,19876.5,1280.96,0,0,210,11,0,0
345,怀预许字第2018057号,2018年11月7日,锦江新城1＃商住楼,怀集县中科天伦实业有限公司,怀集县怀城镇怀高锦江新城,01-03、05-07/6套,0,1649.8,0,0,0,6,0,0
346,德预许字第2019011,2019年10月17日,中恒・龙湖春天1#楼、3#楼,德庆县中恒房地产开发有限公司,德庆县德城街道文兰北路,预售1#楼1-9层住宅,9859.7,2133.09,0,0,84,37,0,0
347,德预许字第2019010,2019年9月30日,德庆碧桂园城市之光花园一期1号楼,德庆碧桂园房地产开发有限公司,德庆县孔子中学北面,预售全栋1-2层商铺、住宅/9套,470.63,1224.83,0,0,4,5,0,0
348,德预许字第2019009,2019年9月30日,中恒・龙湖春天2#楼,德庆县中恒房地产开发有限公司,德庆县德城街道文兰北路,预售2#楼1-10层住宅/36套,5044.92,0,0,0,36,0,0,0
349,德预许字第2019008,2019年8月16日,鸿景城.花园15#楼A/B栋,德庆县中亿房地产开发有限公司,德庆县新圩镇府对面鸿景城・花园15#楼A/B栋,"15#楼A/B栋
  25层/228套",23309.14,1306.08,0,0,196,32,0,0
350,德预许字第2019007,2019年8月16日,锦龙凤凰城花园第6座,德庆县天建房地产开发有限公司,德庆县城西区香山变电站北侧,第6座地上26层地下2层/138套,0,0,0,15690.13,0,0,0,138
351,德预许字第2019006,2019年7月26日,兴雅轩,德庆中宏房地产开发有限公司 ,德庆县德城镇仁寿南路,预售全栋1-7层/27套,0,0,0,2688.12,0,0,0,27
352,德预许字第2019005,2019年6月26日,香山丽榭花园1.2.3幢,德庆县筠城实业投资有限公司,广东省德庆县德城街道城东居委会香山大道东16号香山丽榭花园,预售2.3幢第2-25层住宅；1幢第1-2层/158套,19018,1066.34,0,0,144,14,0,0
353,德预许字第2019004号,2019年5月29日,锦绣雅居一期,德庆县轩宇房地产有限公司,德庆县德城镇书院里,1栋8层/200套,7787.5,0,0,2189.24,77,0,0,123
354,德预许字第2019003,2019年5月15日,锦龙凤凰城花园第9座,德庆县天建房地产开发有限公司,德庆县城西区香山变电站北侧,第9座地下2层地上27层/161套,16462.59,1085.52,0,0,152,9,0,0
355,德预许字第2019002,2019年4月19日,香山丽榭花园5幢,德庆县筠城实业投资有限公司,广东省德庆县德城街道城东居委会香山大道东16号香山丽榭花园,预售全幢第2-25层住宅/72套,9969.6,0,0,0,72,0,0,0
356,德预许字第2019001,2019年4月4日,香山丽榭花园4幢,德庆县筠城实业投资有限公司,广东省德庆县德城街道城东居委会香山大道东16号香山丽榭花园,预售全幢第2-25层住宅/70套,8737.83,0,0,0,70,0,0,0
357,德预许字第2018016,2018年11月28日,香山丽榭花园10、11幢,德庆县筠城实业投资有限公司,广东省德庆县德城街道城东居委会香山大道东16号香山丽榭花园,10、11幢共27层（地上26层、地下1层）/205套,25738.03,0,0,0,205,0,0,0
358,德预许字第2018015,2018年11月2日,德庆浩翔御景阳光（F幢、G幢）,肇庆浩翔房地产有限公司,德庆县香山大道东路（县消防大队东侧）,F幢27层（地上25层、地下2层）            G幢27层（地上25层、地下2层）/188套,22238.37,0,0,0,188,0,0,0
359,德预许字第2018014,2018年10月24日,鸿景城・花园13#楼A/B座,德庆县中亿房地产开发有限公司,德庆县新圩镇政府南侧鸿景城・花园13#楼A/B座,"13栋A/B座
    30层/255套",25315.37,719,0,0,237,18,0,0
360,德预许字第2018013,2018年10月19日,德庆浩翔御景阳光H幢,肇庆浩翔房地产有限公司,德庆县香山大道东路（县消防大队东侧）,H幢 25层（地上23层、地下2层）/92套,10126.56,397.64,0,0,86,6,0,0
361,德预许字第2018012,2018年10月12日,德庆浩翔御景阳光E幢,肇庆浩翔房地产有限公司,德庆县香山大道东路（县消防大队东侧）,预售全栋第1至23层 商铺、住宅/101套,10123.94,697.31,0,0,86,15,0,0
362,封预售2019018号,2019年10月15日,广信华府商住小区二期,封开县盛泰房地产开发有限公司,江口镇封州一路20号之1广信华府13栋,13号楼11层/40套,4671.69,0,0,0,40,0,0,0
363,封预售2019017号,2019年9月29日,广信华府商住小区二期,封开县盛泰房地产开发有限公司,江口镇封州一路20号之1广信华府20栋,20号楼14层/52套,7260.5,0,0,0,52,0,0,0
364,封预售2019016号,2019年9月19日,碧桂园豪园四期,封开县嘉宜房地产开发有限公司,封开县江口镇府前东路1号（十八号楼）,36#、18层/72套,10112.52,0,0,0,72,0,0,0
365,封预售2019015号,2019年9月12日,绿景豪庭1栋,封开县绿景房地产开发有限公司,江口镇封州三路3号,1#楼,4849.48,677.84,0,0,36,12,0,0
366,封预售2019014号,2019年9月4日,东丽新城二期7座,封开县东升房地产开发有限公司,江口镇封州一路398号东丽新城二期,7座17层/73套,8350.59,378.7,0,0,67,6,0,0
367,封预售2019013号,2019年7月31日,御景华府,封开县开明投资有限公司,江口镇封州三路1号御景华府,3栋1-26层,23130.5,974.96,0,0,200,13,0,0
368,封预售2019012号,2019年7月10日,粤江花园,封开县枫华粤江房地产有限公司,封开县江口镇江滨中路6号7栋,7栋/9层/123套,14042.94,1139.6,0,0,112,11,0,0
369,封预售2019011号,2019年6月24日,时代豪庭商住楼,封开县丰昌房地产开发有限公司,封开县江口镇封州二路105号之2,1栋  11层/55套,6041.58,283.19,0,0,47,8,0,0
370,封预售2019010号,2019年6月20日,碧桂园豪园四期,封开县嘉宜房地产开发有限公司,封开县江口镇府前东路1号（十九号楼）,37#、17层/138套,14959.8,1016.03,0,0,128,10,0,0
371,封预售2019009号,2019年6月5日,盛世莲花商住小区二期（9#楼）,肇庆市龙昌水泥制造集团有限公司,封开县江口镇三元一路35号,9幢11层/90套,10410.63,561.34,0,0,86,4,0,0
372,封预售2019008号,2019年4月26日,佰隆山河13幢,封开县晨辉隆房地产开发有限公司,封开县江口镇滨江路3号,"3,18/204套",28230.56,0,0,0,204,0,0,0
373,封预售2019007号,2019年3月26日,盛世莲花商住小区二期（8#楼）,肇庆市龙昌水泥制造集团有限公司,封开县江口镇三元一路35号,8幢11层/91套,10408.74,554,0,0,86,5,0,0
374,封预售2019006号,2019年3月6日,聚龙商住苑⑴～⒆号楼,封开县永成和房地产有限公司,封开县南丰镇人民路城肚41号,1-29座,0,0,0,5644.33,0,0,0,26
375,封预售2019005号,2019年2月13日,东丽新城二期6座,封开县东升房地产开发有限公司,江口镇封州一路398号东丽新城二期,6座17层/136套,15941.24,0,0,0,136,0,0,0
376,封预售2019004号,2019年1月29日,星河国际6栋,封开县方信房地产开发有限公司,封开县江口镇封州一路422号星河国际6栋,6栋；29层/127套,13008.14,1129.15,0,0,112,15,0,0
377,封预售2019003号,2019年1月28日,粤江花园,封开县枫华粤江房地产有限公司,封开县江口镇江滨中路6号8栋,8栋/11层/20套,2946.3,0,0,0,20,0,0,0
378,封预售2019002号,2019年1月17日,江南城11幢商铺、15幢商铺,广东兴丰源房地产开发有限公司,江口镇江滨中路8号,11幢2层,0,4410.04,0,0,0,31,0,0
379,封预售2019001号,2019年1月2日,江南城,广东兴丰源房地产开发有限公司,江口镇江滨中路8号,15幢16层/163套,22030.24,0,0,0,163,0,0,0
380,封预售2018019号,2018年12月21日,雅怡小筑,封开县理恒房地产开发有限公司,江口镇龙山路225号,1栋7层/21套,2315.58,0,0,0,21,0,0,0
381,封预售2018018号,2018年12月20日,碧桂园豪园二期二,封开县嘉宜房地产开发有限公司,江口镇府前东路1号（十四号楼）,33#、18层/72套,10112.44,0,0,0,72,0,0,0
382,封预售2018017号,2018年11月30日,广信华府商住小区一期,封开县盛泰房地产开发有限公司,江口镇封州一路20号之1,16号楼15层/112套,12789.52,0,0,0,112,0,0,0
383,封预售2018016号,2018年11月26日,盛世莲花商住小区二期（6#、7#楼）,肇庆市龙昌水泥制造集团有限公司,封开县江口镇三元一路35号,6幢6层、7幢11层/123套,12887.12,1651.48,0,0,106,17,0,0
384,封预售2018015号,2018年11月26日,广信华府商住小区一期,封开县盛泰房地产开发有限公司,江口镇封州一路20号之1,17号楼8层/28套,3327.77,0,0,0,28,0,0,0
385,宁预许2019033号,2019年10月31日,裕丰广场B区一期3号楼,广宁县裕丰房地产发展有限公司,广宁县南街镇新宁北路裕丰广场B区,裕丰广场B区一期3号楼/108套,13536.72,0,0,0,108,0,0,0
386,宁预许2019032号,2019年10月25日,百盈花园四期10栋,广东百盈花园房地产开发有限公司,广宁县南街镇圣堂社区下迳村,百盈花园四期10栋/96套,11613.79,0,0,0,96,0,0,0
387,宁预许2019031号,2019年10月17日,喜悦蓝湾商住小区商业楼,广宁县君州房地产有限公司,广宁县县城大道城南大道,喜悦蓝湾商住小区商业楼/19套,0,1260,0,0,0,19,0,0
388,宁预许2019030号,2019年10月25日,一号楼三座,广宁碧宁碧桂园房地产开发有限公司,广宁县南街镇圣堂社区和平路,一号楼三座/130套,14696.72,0,0,0,130,0,0,0
389,宁预许2019029号,2019年9月26日,玮丰园（一期）,广宁玮丰房地产发展有限公司,广宁县南街镇圣堂社区广宁大道103号,玮丰园（一期）/195套,21886.79,1705.65,0,0,165,30,0,0
390,宁预许2019028号,2019年8月29日,喜悦蓝湾商住小区1幢、2幢,广宁县君州房地产有限公司,广宁县县城大道城南大道,喜悦蓝湾商住小区1幢、2幢/248套,24969.37,758.06,0,0,236,12,0,0
391,宁预许2019027号,2019年8月28日,鸿都锦绣花园A区七幢,广宁县建业房地产有限公司,广宁县南街镇城西开发区和平路19号,鸿都锦绣花园A区七幢/116套,16665.37,0,0,0,116,0,0,0
392,宁预许2019026号,2019年8月21日,山水锦园,广宁县中恒房地产开发有限公司,广宁县坑口镇坑口社区居委会马尿垌,山水锦园/24套,2429.88,3520.84,0,0,8,16,0,0
393,宁预许2019025号,2019年8月15日,幸福名轩B座,广宁县幸福房地产开发有限公司,广宁县南街镇五一社区大坪岗,幸福名轩B座/112套,12076.45,0,0,0,112,0,0,0
394,宁预许2019024号,2019年8月15日,百盈花园八期20栋,广东百盈花园房地产开发有限公司,广宁县南街镇百盈大道北,百盈花园八期20栋/54套,7669.61,0,0,0,54,0,0,0
395,宁预许2019023号,2019年8月15日,百盈花园八期18栋,广东百盈花园房地产开发有限公司,广宁县南街镇百盈大道北,百盈花园八期18栋/144套,18265.08,0,0,0,144,0,0,0
396,宁预许2019022号,2019年7月23日,银珑・名苑,广宁县恒昌房地产发展有限公司,广宁县五和镇圩镇（原市场）之二,银珑・名苑/36套,3676.08,223.48,0,0,32,4,0,0
397,宁预许2019021号,2019年7月2日,朝阳美寓商住楼,广宁县鸿轩房地产开发有限公司,广宁县南街镇农林路,朝阳美寓商住楼/113套,4151.44,211.61,0,0,106,7,0,0
398,宁预许2019020号,2019年6月27日,敏捷朗逸豪庭6栋,广宁敏鸿房地产开发有限公司,广宁县南街镇聚和村委会聚和新城,敏捷朗逸豪庭6栋/10套,0,461.08,0,0,0,10,0,0
399,宁预许2019019号,2019年6月27日,敏捷朗逸豪庭5栋,广宁敏鸿房地产开发有限公司,广宁县南街镇聚和村委会聚和新城,敏捷朗逸豪庭5栋/25套,0,1475.55,0,0,0,25,0,0
400,宁预许2019018号,2019年6月27日,顺意・城南花园三期D二幢,广宁县顺意置业发展有限公司,广宁县南街镇城南大道,顺意・城南花园三期D二幢/163套,17652.59,1043.13,0,0,145,18,0,0
401,宁预许2019017号,2019年6月26日,三号楼二座,广宁县雅居房地产开发有限公司,广宁县南街镇人民路19号碧桂园新都汇三号楼二座,碧桂园新都汇三号楼/206套,21832.52,475.92,0,0,196,10,0,0
402,宁预许2019016号,2019年6月13日,丽江豪庭,广宁县华联房地产有限公司,广宁县南街镇圣堂社区车布垌沿江路27号,丽江豪庭/46套,5569.28,0,0,0,46,0,0,0
403,宁预许2019015号,2019年6月4日,嘉湖金沙湾商住小区（一区）1、2幢,广宁县鸿轩房地产开发有限公司,广宁县南街镇小迳村委会长塘路段,嘉湖金沙湾商住小区（一区）1、2幢/297套,26875.45,4919.92,0,0,248,49,0,0
404,宁预许2019014号,2019年5月23日,富豪新城,广宁县邦得邦房地产开发有限公司,广宁县南街镇新宁北路138号,富豪新城一、二、三幢/499套,24308.73,4959.35,0,0,189,310,0,0
405,宁预许2019013号,2019年4月30日,百盈花园八期21栋,广东百盈花园房地产开发有限公司,广宁县南街镇圣堂社区百盈西路,百盈花园八期21栋/34套,5283.57,0,0,0,34,0,0,0
406,宁预许2019012号,2019年4月30日,幸福名轩A座,广宁县幸福房地产开发有限公司,广宁县南街镇五一社区大坪岗,幸福名轩A座/204套,16397.08,2801.45,0,0,168,36,0,0
407,宁预许2019011号,2019年4月26日,诺丁山十五号楼十六座,广宁碧桂园房地产开发有限公司,广宁县南街镇城南村委会,诺丁山十五号楼十六座/133套,14491.71,741.85,0,0,128,5,0,0
408,宁预许2019010号,2019年4月25日,百盈花园四期12栋,广东百盈花园房地产开发有限公司,广宁县南街镇圣堂社区下迳村,百盈花园四期12栋/208套,25168.09,0,0,0,208,0,0,0
409,宁预许2019009号,2019年4月12日,敏捷朗逸豪庭3、4栋,广宁敏鸿房地产开发有限公司,广宁县南街镇聚和村委会聚和新城,敏捷朗逸豪庭3、4栋/128套,13113.12,0,0,0,128,0,0,0
410,宁预许2019008号,2019年2月2日,鸿程金鼎湾住宅小区,广宁县鸿程置业有限公司,广宁县古水镇墟镇,鸿程金鼎湾住宅小区/132套,16557.76,0,0,0,132,0,0,0
411,宁预许2019007号,2019年1月18日,锦绣誉峰二期B一、B二、B三幢,广宁县太和实业有限公司,广宁县南街镇五一社区大坪岗,锦绣誉峰二期B一、B二、B三幢/330套,38016.35,0,0,0,330,0,0,0
412,宁预许2019006号,2019年3月15日,聚福豪庭,广宁县建宁房地产开发公司,广宁县南街镇聚和村委会都�~村,聚福豪庭/247套,24782.76,1687.45,0,0,224,23,0,0
413,宁预许2019005号,2019年1月1日,顺意・城南花园三期C二幢,广宁县顺意置业发展有限公司,广宁县南街镇城南大道,顺意・城南花园三期C二幢/155套,17652.59,724.09,0,0,145,10,0,0
414,宁预许2019004号,2019年1月1日,广宁・银河城商住楼B、C幢,广宁县华英置业发展有限公司,广宁县南街镇环城东路5号,广宁・银河城商住楼B、C幢/9套,0,573.04,0,0,0,9,0,0
415,宁预许2019003号,2019年1月1日,广宁・银河城商住楼A栋,广宁县华英置业发展有限公司,广宁县南街镇环城东路,广宁・银河城商住楼A栋/179套,18231.64,534.02,0,0,168,11,0,0
416,宁预许2019002号,2019年1月1日,百盈花园八期17栋,广东百盈花园房地产开发有限公司,广宁县南街镇圣堂社区百盈西路,百盈花园八期17栋/132套,15981.46,0,0,0,132,0,0,0
417,宁预许2019001号,2019年1月1日,百盈花园八期16栋,广东百盈花园房地产开发有限公司,广宁县南街镇圣堂社区百盈西路,百盈花园八期16栋/202套,20493.26,1673.36,0,0,184,18,0,0
418,宁预许2018036号,2018年12月3日,百盈花园四期13栋,广东百盈花园房地产开发有限公司,广宁县南街镇圣堂社区聚和新城,百盈花园四期13栋/84套,13748.07,0,0,0,84,0,0,0
419,宁预许2018035号,2018年11月30日,诺丁山十五号楼十七座,广宁碧桂园房地产开发有限公司,广宁县南街镇城南村委会,诺丁山十五号楼十七座/133套,14491.73,746.46,0,0,128,5,0,0
420,宁预许2018034号,2018年11月29日,敏捷朗逸豪庭7栋,广宁敏鸿房地产开发有限公司,广宁县南街镇聚和村委会聚和新城,敏捷朗逸豪庭7栋/10套,0,554.8,0,0,0,10,0,0
421,宁预许2018033号,2018年12月11日,敏捷朗逸豪庭1、2栋,广宁敏鸿房地产开发有限公司,广宁县南街镇聚和村委会聚和新城,敏捷朗逸豪庭1、2栋/102套,10501.83,0,0,0,102,0,0,0
422,宁预许2018032号,2018年11月16日,喜悦蓝湾商住小区3幢、5幢,广宁县君州房地产有限公司,广宁县县城大道城南大道,喜悦蓝湾商住小区3幢、5幢/249套,25684.03,845.56,0,0,236,13,0,0
423,宁预许2018031号,2018年11月2日,百盈花园八期15栋,广东百盈花园房地产开发有限公司,广宁县南街镇圣堂社区百盈西路,百盈花园八期15栋/227套,22685.83,2227.83,0,0,204,23,0,0
424,宁预许2018030号,2018年10月29日,城东恒裕花园商住小区C区四幢,广宁县鸿城房地产开发有限公司,广宁县南街镇广玉路16号,城东恒裕花园商住小区C区四幢/50套,4663.7,307.19,0,0,40,10,0,0
425,宁预许2018029号,2018年10月26日,鸿都锦绣花园A区三幢,广宁县建业房地产有限公司,广宁县南街镇城西开发区和平路19号(原城西行政中心),鸿都锦绣花园A区三幢/121套,14795.02,830.39,0,0,108,13,0,0
426,宁预许2018028号,2018年10月26日,鸿都锦绣花园A区一、二幢,广宁县建业房地产有限公司,广宁县南街镇城西开发区和平路19号(原城西行政中心),鸿都锦绣花园A区一、二幢/302套,28165.77,1999.39,0,0,216,86,0,0
427,宁预许2018027号,2018年10月12日,明珠新城三十三幢至三十七幢,广宁县维宝房地产开发有限公司,广宁县南街镇广玉东路8号明珠新城,明珠新城三十三至三十七幢/406套,32501.93,21591.16,5223.28,0,386,13,7,0
428,四预许字第2019067号,2019年10月16日,凤湖商业街2栋、凤湖商业街5栋,四会臻汇园物业发展有限公司,广东省四会市东城街道玉城居委会南田景观大道1号凤凰半岛,商住楼（凤湖商业街2栋）/三层加梯间加机房,0,3472.76,0,0,0,55,0,0
429,四预许字第2019065号,2019年9月27日,25栋,四会市中易投资开发有限公司,四会市城中街道城北社区四会大道北1899号融创书院豪庭,25栋  三十三层加梯间及机房/128套,13178.76,0,0,0,128,0,0,0
430,四预许字第2019064号,2019年9月27日,4栋、5栋、13栋,四会市中易投资开发有限公司,四会市城中街道城北社区四会大道北1899号融创书院豪庭,4栋、5栋、13栋    商业一层/19套,0,1039.19,0,0,0,19,0,0
431,四预许字第2019063号,2019年9月27日,42栋、45栋、46栋、47栋,四会市中易投资开发有限公司,四会市城中街道城北社区四会大道北1899号融创书院豪庭,42栋、45栋、46栋、47栋    商业一层/25套,0,1226.02,0,0,0,25,0,0
432,四预许字第2019062号,2019年9月27日,恒福新里程花园6栋,四会市恒福兴达房地产开发有限公司,四会市东城街道黄岗居委会荔枝湾路16号恒福新里程花园,6栋三十三层加梯间负一层/139套,11474.56,478,0,0,128,11,0,0
433,四预许字第2019061号,2019年9月25日,10栋、11栋、12栋、商业15栋,四会时代盛景投资有限公司,四会市贞山街道贞山居委会贞山新城阅海大道7号四会时代外滩花园,10栋11栋/二十四层加梯间及机房、12栋/二十五层加梯间及机房,33633.08,493.78,0,0,234,7,0,0
434,四预许字第2019060号,2019年9月25日,凤鸣15栋；凤鸣23-24号、27-30号、33-40号、53-54号、63-70号,四会臻汇园物业发展有限公司,广东省四会市东城街道玉城居委会南田景观大道1号凤凰半岛,15栋二十八层加梯间及机房,21681.8,0,0,0,186,0,0,0
435,四预许字第2019059号,2019年9月24日,商业16栋,四会时代盛景投资有限公司,四会市贞山街道贞山居委会贞山新城阅海大道7号四会时代外滩花园,16栋/二层/15套,0,1812.47,0,0,0,15,0,0
436,四预许字第2019058号,2019年9月24日,世茂云泮花园,肇庆四会悦盈房地产开发经营有限公司,四会市贞山街道贞山居委会贞山新城阅海大道6号世茂云泮花园,"2号楼：22层
6号楼1单元：18层
6号楼2单元：20层/228套",25166.79,0,0,0,228,0,0,0
437,四预许字第2019057号,2019年9月18日,雍晟财智广场3栋,四会雍晟房地产开发有限公司,四会市东城街道黄岗社区四会大道南61号雍晟财智广场,3栋/二十八层加梯间及机房/115套,11892.68,497.64,0,0,107,8,0,0
438,四预许字第2019055,2019年9月18日,悦公馆,肇庆亿博房地产开发有限公司,广东省四会市东城街道玉城居委会商业大道125号,三十三层加梯间加负一、负二层/128套,15796.48,0,0,0,128,0,0,0
439,四预许字第2019054号,2019年9月11日,金顺豪庭9、10、16、17栋,四会市金顺房地产开发有限公司,四会市大沙镇大沙居委会兴业大道1号金顺豪庭,"9栋、17层
10栋、17层
16栋、17层
17栋、17层/256套",25162.88,0,0,0,256,0,0,0
440,四预许字第2019053号,2019年9月3日,碧桂园明珠花园（7、8、9栋）,四会市碧桂园凤鸣房地产开发有限公司,四会市东城街道黄岗居委会新元大道2号,7、8、9栋27层/474套,50166.18,0,0,0,474,0,0,0
441,四预许字第2019052号,2019年8月28日,四会市“四会广场二期”商业综合体建设项目S-5商业公寓,四会市德宝江南名居房地产开发有限公司,广东省四会市东城街道玉城居委会广场南路9号德宝广场,S-5商业公寓/二十层加梯间及机房/497套,0,1587.63,0,16136.64,0,47,0,450
442,四预许字第2019048号,2019年8月23日,恒福新里程花园5栋,四会市恒福兴达房地产开发有限公司,四会市东城街道黄岗居委会荔枝湾路16号恒福新里程花园,三十三层加梯间负一层/140套,11378.56,520.92,0,0,128,12,0,0
443,四预许字第2019047号,2019年8月22日,凤鸣6栋、9栋、凤鸣55-62号,四会臻汇园物业发展有限公司,广东省四会市东城街道玉城居委会南田景观大道1号,6#/6栋三十二层加梯间负一负二层,20463.88,0,0,0,166,0,0,0
444,四预许字第2019046号,2019年8月15日,碧桂园明珠花园（3、4栋）,四会市碧桂园凤鸣房地产开发有限公司,四会市东城街道黄岗居委会新元大道2号,3、4栋二十五层/200套,23130,0,0,0,200,0,0,0
445,四预许字第2019045号,2019年8月1日,四会市绥江湾商住小区项目住宅1#2#3#,四会市中豪房地产开发投资有限公司,四会市东城街道黄岗社区荔枝湾路15号,"四会市东城街道黄岗社区荔枝湾路15号江湾公馆1栋   31层
四会市东城街道黄岗社区荔枝湾路15号江湾公馆2栋   26层
四会市东城街道黄岗社区荔枝湾路15号江湾公馆3栋   32层/466套",46727.78,734.05,0,0,454,12,0,0
446,四预许字第2019044号,2019年7月30日,四会市海印・尚荟四季商住小区项目・住宅2栋,四会海印新都荟商业有限公司,四会市大沙镇马房工业区迎宾大道3号海印尚荟四季住宅2栋,住宅2栋；32层/190套,19201.07,0,0,0,190,0,0,0
447,四预许字第2019043号,2019年7月30日,四会市海印・尚荟四季商住小区项目・住宅1栋,四会海印新都荟商业有限公司,四会市大沙镇马房工业区迎宾大道3号海印尚荟四季住宅1栋,住宅1栋；32层。/190套,19199.81,0,0,0,190,0,0,0
448,四预许字第2019042号,2019年7月29日,四会市城中街道城北社区四会大道北1899号融创书院豪庭16栋,四会市中易投资开发有限公司,四会市城中街道城北社区四会大道北1899号融创书院豪庭16栋,16栋  三十一层加梯间及机房/120套,21382.2,0,0,0,120,0,0,0
449,四预许字第2019041号,2019年7月23日,四会市城中街道城北社区四会大道北1899号融创书院豪庭15栋,四会市中易投资开发有限公司,四会市城中街道城北社区四会大道北1899号融创书院豪庭15栋,15栋   三十三层加梯间及机房/128套,15594.24,0,0,0,128,0,0,0
450,四预许字第2019040号,2019年7月19日,凤凰半岛凤鸣,四会臻汇园物业发展有限公司,广东省四会市东城街道玉城居委会南田景观大道1号,5栋三十二层；25、26、31、32、51、52、71、72号/三层/130套,15353.14,0,0,0,130,0,0,0
451,四预许字第2019039号,2019年7月18日,碧桂园明珠花园,四会市碧桂园凤鸣房地产开发有限公司,四会市东城街道黄岗居委会新元大道2号,6栋二十七层/160套,16869.76,0,0,0,160,0,0,0
452,四预许字第2019038号,2019年7月5日,君汇熙庭6栋,广东泓炜房地产开发有限公司,四会市东城街道南田景观大道6号,6栋/二十八层加梯间及机房/278套,22799.48,0,0,0,278,0,0,0
453,四预许字第2019037号,2019年7月5日,雍晟岭南春天,四会雍晟房地产开发有限公司,四会市城中街道城北社区滨河路30号,1栋、2栋、3栋/十一层加梯间及机房/75套,8511.89,0,0,0,75,0,0,0
454,四预许字第2019036号,2019年7月2日,雍晟岭南春天,四会雍晟房地产开发有限公司,四会市城中街道城北社区滨河路30号,4栋、5栋、6栋/十一层加梯间及机房/71套,8153.86,0,0,0,71,0,0,0
455,四预许字第2019035号,2019年7月3日,四会市贞山街道金沙社区居民委员会阅海大道8号金沙1号花园1座,四会市金沙海岸房地产开发有限公司,四会市贞山街道金沙社区居民委员会阅海大道8号,1座/二十六层加梯间加机房加负一层、负二层/100套,15399,0,0,0,100,0,0,0
456,四预许字第2019034号,2019年7月1日,恒福新里程花园4栋,四会市恒福兴达房地产开发有限公司,四会市东城街道黄岗居委会荔枝湾路16号恒福新里程花园,三十三层加梯间负一层/170套,12587.2,419.21,0,0,160,10,0,0
457,四预许字第2019033号,2019年6月28日,四季金谷（北区）14、15栋,肇庆市东基团星投资开发有限公司,四会市东城街道黄岗居委会新元大道3号四季金谷（北区）,14、15栋,23002.62,452.78,0,0,248,10,0,0
458,四预许字第2019032号,2019年6月20日,臻湖畔岛臻翠路1号,四会臻汇园物业发展有限公司,四会市南田景观大道臻湖畔岛,综合服务楼1号/二层加梯间及负一层/1套,0,1723.45,0,0,0,1,0,0
459,四预许字第2019031号,2019年6月17日,四季金谷（北区）商住小区项目13栋,肇庆市东基团星投资开发有限公司,四会市东城街道黄岗居委会新元大道3号四季金谷（北区）,13栋、三十一层/134套,10383.9,458.03,0,0,120,14,0,0
460,四预许字第2019029号,2019年5月28日,恒福新里程花园3栋,四会市恒福兴达房地产开发有限公司,四会市东城街道黄岗居委会荔枝湾路16号恒福新里程花园,三十三层加梯间负一层/160套,12594.56,0,0,0,160,0,0,0
461,四预许字第2019028号,2019年5月25日,悦公馆17栋,肇庆亿博房地产开发有限公司,广东省四会市东城街道玉城居委会商业大道125号悦公馆17栋,三十三层加梯间加负一、负二层/264套,31071.81,0,0,0,264,0,0,0
462,四预许字第2019027号,2019年5月25日,悦公馆14栋,肇庆亿博房地产开发有限公司,广东省四会市东城街道玉城居委会商业大道125号悦公馆14栋,三十二层加梯间及机房/141套,14875.35,1296.09,0,0,124,17,0,0
463,四预许字第2019026号,2019年5月16日,四会市城中街道城北社区四会大道北1899号融创书院豪庭10栋、43栋、44栋,四会市中易投资开发有限公司,四会市城中街道城北社区四会大道北1899号融创书院豪庭,"10栋
三十三层加负一层加梯间加机房",27549.54,1266.91,0,0,256,22,0,0
464,四预许字第2019025号,2019年5月7日,四会新城吾悦广场15栋,肇庆亿博房地产开发有限公司,广东省四会市东城街道玉城居委会商业大道125号悦公馆15栋,15栋/三十二层加梯间及机房/265套,27862.18,961.15,0,0,248,17,0,0
465,四预许字第2019024号,2019年5月6日,雍晟财智广场,四会雍晟房地产开发有限公司,四会市东城街道黄岗社区四会大道南61号,2栋/二层加梯间及机房/19套,0,1868.98,0,0,0,19,0,0
466,四预许字第2019023号,2019年4月26日,保利和悦花园12栋,四会市居信房地产开发有限公司,广东省四会市大沙镇誉城路保利和悦花园,12栋 33层/128套,15318.72,0,0,0,128,0,0,0
467,四预许字第2019022号,2019年4月25日,四会市城中街道滨河路30号雍晟岭南春天9、10栋,四会雍晟房地产开发有限公司,四会市城中街道城北社区滨河路30号雍晟岭南春天,9栋、10栋/十八层加梯间及机房加负一层及局部夹层/128套,13515.76,0,0,0,128,0,0,0
468,四预许字第2019021号,2019年4月23日,保利和悦花园22栋、26栋、27栋、31栋、32栋、35栋,四会市居信房地产开发有限公司,广东省四会市大沙镇誉城路保利和悦花园,"22栋 3层
26栋 3层
27栋 3层
31栋 3层
32栋 3层
35栋 3层/29套",7446.91,0,0,0,29,0,0,0
469,四预许字第2019020号,2019年4月17日,四会嘉宏大厦Ａ座（2栋）、Ｂ座（1栋）一二层商业、办公楼及商业（3栋、4栋）,肇庆市四会聚豪房地产开发有限公司,四会市东城街道四会大道南21号嘉宏大厦,2栋/二十一层、1栋、3栋、4栋/一二层/378套,0,11431.98,24329.73,0,0,172,206,0
470,四预许字第2019019号,2019年4月17日,凤鸣4栋、10栋、11栋,四会臻汇园物业发展有限公司,广东省四会市东城街道玉城居委会南田景观大道1号,4#/4栋三十三层、10#/10栋、11栋十八层/198套,24286.76,0,0,0,198,0,0,0
471,四预许字第2019018号,2019年4月12日,四会上元塘碧桂园二期1#楼（1栋、2栋）、3#楼（5栋）,四会市碧桂园凤鸣房地产开发有限公司,四会市东城街道黄岗居委会新元大道2号,1#、3#/1#二十四层、3#二十七层/345套,37627.4,435.22,0,0,338,7,0,0
472,四预许字第2019017号,2019年4月10日,长江明珠怡景苑1、2座,四会市长江明珠房地产开发投资有限公司,四会市贞山街道贞山居委会贞山大道10号,1座、2座/1座二十三层、2座二十二层/235套,16773.99,0,0,0,235,0,0,0
473,四预许字第2019016号,2019年4月10日,四会玉器文化广场5座1、2号住宅，1座公寓，商业,四会市华锦房地产开发有限公司,四会市东城街道马田居委会四会大道中6号,5座1、2号/二十三层；1座/十七层/5289套,16446.06,42579.21,0,13909.12,180,4835,0,274
474,四预许字第2019015号,2019年4月10日,恒福新里程花园11、12栋,四会市恒福兴达房地产开发有限公司,四会市东城街道黄岗居委会荔枝湾路16号恒福新里程花园,三十三层加梯间负一层/256套,23842.56,0,0,0,256,0,0,0
475,四预许字第2019014号,2019年4月10日,四会新城吾悦广场7栋,肇庆亿博房地产开发有限公司,广东省四会市东城街道玉城居委会商业大道125号悦公馆7栋,7栋/二十层加梯间及机房/75套,9075.89,0,0,0,75,0,0,0
476,四预许字第2019013号,2019年4月3日,肇庆市四会市东城街道南田景观大道6号,广东泓炜房地产开发有限公司,肇庆市四会市东城街道南田景观大道6号,7#/二十八层加负一层加梯间及机房/167套,14316.16,0,0,0,167,0,0,0
477,四预许字第2019012号,2019年3月29日,保利和悦花园7栋,四会市居信房地产开发有限公司,广东省四会市大沙镇誉城路保利和悦花园,7栋 32层/93套,12964.2,0,0,0,93,0,0,0
478,四预许字第2019011号,2019年3月29日,凤湖5栋、6栋,四会臻汇园物业发展有限公司,广东省四会市东城街道玉城居委会南田景观大道1号,5#、6#/5栋一层、6栋三层/6套,892.78,0,0,0,6,0,0,0
479,四预许字第2019010号,2019年3月29日,凤凰21栋、22栋,四会臻汇园物业发展有限公司,广东省四会市东城街道玉城居委会南田景观大道1号,22#、21#/21栋二十四层、22栋二十三层/94套,20465.68,0,0,0,94,0,0,0
480,四预许字第2019009号,2019年3月16日,绿茵九龙湾,四会市绿茵东方房地产发展有限公司,四会市东城街道观海路9号,13座、14座/三十二层加梯间及机房加负一、负二层/372套,44369.06,0,0,0,372,0,0,0
481,四预许字第2019008号,2019年3月8日,四会新城吾悦广场21栋,肇庆亿博房地产开发有限公司,广东省四会市东城街道玉城居委会商业大道125号悦公馆21栋,21栋/一层/10套,0,572.75,0,0,0,10,0,0
482,四预许字第2019007号,2019年2月25日,雍晟财智广场,四会雍晟房地产开发有限公司,四会市东城街道黄岗社区四会大道南61号,1栋/二十层加梯间加负一层/1019套,0,10679.15,0,38815.93,0,187,0,832
483,四预许字第2019006号,2019年1月31日,悦景雅苑商住小区商铺,四会市悦景实业发展有限公司,四会市东城街道陶丽居委会水仙路11号,首层商铺/58套,0,4669.78,0,0,0,58,0,0
484,四预许字第2019005号,2019年1月28日,金沙海岸商住小区一期4栋（金沙1号花园4座）,四会市金沙海岸房地产开发有限公司,四会市贞山街道金沙社区居民委员会阅海大道8号,4#/二十六层加梯间加机房加负一层、负二层/100套,10908.5,0,0,0,100,0,0,0
485,四预许字第2019004号,2019年1月25日,绿茵幸福城,四会市绿茵房地产开发有限公司,四会市东城街道陶塘路1号,5座、6座、7座/1层加负一层/44套,0,4330.13,0,0,0,44,0,0
486,四预许字第2019003号,2019年1月23日,四会市城中街道城北社区四会大道北1899号融创书院豪庭11栋,四会市中易投资开发有限公司,四会市城中街道城北社区四会大道北1899号融创书院豪庭,11#楼 /三十三层加梯间加负一层/256套,29114.64,0,0,0,256,0,0,0
487,四预许字第2018084号,2018年12月28日,四会市城中街道城北社区滨河路30号雍晟岭南春天,四会雍晟房地产开发有限公司,四会市城中街道城北社区滨河路30号雍晟岭南春天,7栋、8栋/十八层加梯间及机房加负一层及局部夹层/134套,14185.07,0,0,0,134,0,0,0
488,四预许字第2018083号,2018年12月28日,四会新城吾悦广场3栋、4栋,肇庆亿博房地产开发有限公司,广东省四会市东城街道玉城居委会商业大道125号悦公馆3栋、4栋,3栋三层、4栋4层/149套,0,9497.97,0,0,0,149,0,0
489,四预许字第2018082号,2018年12月28日,四会新城吾悦广场2栋,肇庆亿博房地产开发有限公司,广东省四会市东城街道玉城居委会商业大道125号悦公馆2栋,2栋/十一层加梯间加负一层/422套,0,1024.51,0,18437.31,0,11,0,411
490,四预许字第2018081号,2018年12月18日,保利和悦花园14、15栋,四会市居信房地产开发有限公司,广东省四会市大沙镇誉城路保利和悦花园,"14栋 33层
15栋 33层/256套",30626.24,0,0,0,256,0,0,0
491,四预许字第2018080号,2018年12月17日,四会新城吾悦广场22栋、19栋,肇庆亿博房地产开发有限公司,广东省四会市东城街道玉城居委会商业大道125号悦公馆19栋、22栋,22栋、19栋/三十三层加梯间加负一层/268套,29880.32,709.39,0,0,256,12,0,0
492,四预许字第2018079号,2018年11月22日,“中易世纪城”商住小区项目住宅8#楼,四会市中易投资开发有限公司,四会市城中街道城北社区四会大道北1899号融创书院豪庭,8#/三十三层加梯间/128套,13792.22,0,0,0,128,0,0,0
493,四预许字第2018077号,2018年11月2日,四会恒大御湖城18栋住宅及商铺,四会市汇文房地产开发有限公司,四会市东城街道南田景观大道八号恒大御湖城,18栋,11076.77,412.94,0,0,99,7,0,0
494,四预许字第2018076号,2018年11月2日,肇庆市四会市东城街道南田景观大道6号,广东泓炜房地产开发有限公司,肇庆市四会市东城街道南田景观大道6号,8#/二十八层加负一层加梯间及机房/278套,23210.57,0,0,0,278,0,0,0
495,四预许字第2018075号,2018年11月1日,凤凰20、23栋,四会臻汇园物业发展有限公司,广东省四会市东城街道玉城居委会南田景观大道1号,20#、23#/二十六层加梯间加电梯机房加负一层地下室/182套,24092.88,0,0,0,182,0,0,0
496,四预许字第2018073号,2018年10月15日,四季金谷（北区）商住小区项目15号楼（5栋）、14号楼（6栋）,肇庆市东基团星投资开发有限公司,四会市东城街道黄岗居委会新元大道3号四季金谷（北区）,14#、15#/二十六层加梯间及机房/216套,17998.5,780.72,0,0,200,16,0,0
497,四预许字第2015006,2018年12月7日,东城明苑,四会市兴业房产开发有限公司,四会市东城街道第二工业区22号,   /84套,0,2999.9,0,0,0,84,0,0
498,四预许字2018078号,2018年11月15日,凤凰商业街,四会臻汇园物业发展有限公司,广东省四会市东城街道玉城居委会南田景观大道1号,5#、6#、13#、14#/一层加梯间加机房/33套,0,2118.48,0,0,0,33,0,0
499,2019056,2019年10月29日,高要碧桂园・龙熹山花园,肇庆市高要区必扬置业有限公司,肇庆市高要区科隆街12号,商业五,0,1130.2,0,0,0,9,0,0
500,2019049,2019年9月11日,盈峰家园,肇庆市高要区谢礼乐房地产开发有限公司,肇庆市高要区南岸和平路12号,12座 20层/177套,17709.93,1280.46,0,0,158,19,0,0
501,2019048,2019年9月5日,碧桂园四季阳光花园,肇庆市高要区金渡碧桂园房地产开发有限公司,广东省肇庆市高要区金渡镇东升路68号碧桂园四季阳光花园2栋2座,2栋2座,15306.72,0,0,0,132,0,0,0
502,2019047,2019年9月3日,肇庆珀丽湾商住区,肇庆信业房地产发展有限公司,肇庆市高要区南岸万福路1号,4栋,17119.98,0,0,0,167,0,0,0
503,2019046,2019年8月19日,高要碧桂园・龙熹山花园,肇庆市高要区必扬置业有限公司,肇庆市高要区科隆街12号,铂爵10、11栋,10308.5,0,0,0,72,0,0,0
504,2019045,2019年8月16日,禄步豪庭,肇庆裕泰投资发展有限公司,肇庆市高要区禄步镇禄兴路7号,A、B栋；22层/196套,15519.42,1094.01,0,0,168,28,0,0
505,2019044,2019年8月9日,高要碧桂园・龙熹山花园,肇庆市高要区必扬置业有限公司,肇庆市高要区科隆街12号,熙爵16栋,16146.18,0,0,0,130,0,0,0
506,2019043,2019年8月7日,碧桂园四季阳光花园,肇庆市高要区金渡碧桂园房地产开发有限公司,广东省肇庆市高要区金渡镇东升路68号碧桂园四季阳光花园11栋,11栋,19412.82,0,0,0,186,0,0,0
507,2019041,2019年8月2日,嘉御华庭,肇庆市高要区盛耀房地产开发有限公司,肇庆市高要区南岸马安开发区胜利路1号,4幢,0,4366.8,0,0,0,83,0,0
508,2019040,2019年8月2日,文峰美居B栋,肇庆市高要区金文贸易有限公司,肇庆市高要区金利镇教育东路9号,B栋16层/201套,0,13847.75,0,0,0,201,0,0
509,2019039,2019年7月29日,高要碧桂园・龙熹山花园,肇庆市高要区必扬置业有限公司,肇庆市高要区科隆街12号,熙爵8栋,19497.46,0,0,0,196,0,0,0
510,2019038,2019年8月1日,恒大花园,肇庆恒荣通房地产开发有限公司,肇庆市高要区南岸街道民和路18号,A6栋；23层/191套,18875.78,508.08,0,0,176,15,0,0
511,2019037,2019年8月1日,恒大花园,肇庆恒荣通房地产开发有限公司,肇庆市高要区南岸街道民和路18号,A4栋；23层/195套,17061.44,1665.5,0,0,176,19,0,0
512,2019034,2019年7月12日,恒大花园,肇庆恒荣通房地产开发有限公司,肇庆市高要区南岸街道民和路18号,A5栋；23层/194套,18869.62,708.99,0,0,176,18,0,0
513,2019033,2019年7月3日,凯骏都会,肇庆市凯高置业有限公司,肇庆市高要区禄步镇文直路69号,"二期5号楼,33层/137套",10977.52,371.02,0,0,128,9,0,0
514,2019032,2019年7月3日,凯骏都会,肇庆市凯高置业有限公司,肇庆市高要区禄步镇文直路69号,"二期1号楼,33层/136套",11574.99,505.12,0,0,127,9,0,0
515,2019029,2019年6月25日,高要碧桂园・龙熹山花园,肇庆市高要区必扬置业有限公司,肇庆市高要区科隆街12号,熙爵15栋,16176.14,0,0,0,130,0,0,0
516,2019028,2019年6月26日,文峰美居D栋,肇庆市高要区金文贸易有限公司,肇庆市高要区金利镇教育东路9号,D栋23层/72套,7730.8,631.66,0,0,66,6,0,0
517,2019027,2019年6月26日,文峰美居C栋,肇庆市高要区金文贸易有限公司,肇庆市高要区金利镇教育东路9号,C栋23层/69套,7844.32,358.26,0,0,66,3,0,0
518,2019026,2019年6月26日,凯骏都会,肇庆市凯高置业有限公司,肇庆市高要区禄步镇文直路69号,"二期6号楼,33层/141套",10845.41,754.63,0,0,126,15,0,0
519,2019025,2019年6月20日,碧桂园四季阳光花园,肇庆市高要区金渡碧桂园房地产开发有限公司,广东省肇庆市高要区金渡镇东升路68号碧桂园四季阳光花园2栋1座,2栋1座,15306.72,0,0,0,132,0,0,0
520,2019024,2019年6月14日,恒大世纪梦幻花园,广东聚廷峰房地产开发有限公司,肇庆市高要区回龙镇高尔夫渡假村,A21区23栋；17层/136套,11228.23,0,0,0,136,0,0,0
521,2019023,2019年6月12日,紫云汇花园,肇庆宇浩地产发展有限公司,高要区蚬岗镇宇浩大道6号,T4幢15层/308套,0,0,0,16178.96,0,0,0,308
522,2019022,2019年6月6日,恒大世纪梦幻花园,广东聚廷峰房地产开发有限公司,肇庆市高要区回龙镇高尔夫渡假村,A21区16栋共17层/170套,10828.82,0,0,0,170,0,0,0
523,2019021,2019年5月20日,广东信基创新科技园,广东信基创新科技园开发有限公司,肇庆市高要区金利镇金湾南路11号,D24、25、26、30、31、32、36、37、38幢；3层/9套,0,0,0,17024.07,0,0,0,9
524,2019020,2019年5月20日,广东信基创新科技园,广东信基创新科技园开发有限公司,肇庆市高要区金利镇金湾南路10号,A-18~A-25,0,0,0,7936.58,0,0,0,10
525,2019019,2019年4月24日,金色大地花园2号楼,高要添林实业有限公司,广东省肇庆市高要区金渡镇沙头社区金城路71号金色大地花园,2号楼  32层/135套,12835.24,405.87,0,0,124,11,0,0
526,2019018,2019年4月24日,金色大地花园1号楼,高要添林实业有限公司,广东省肇庆市高要区金渡镇沙头社区金城路71号金色大地花园,1号楼  32层/140套,12826.56,582.43,0,0,124,16,0,0
527,2019017,2019年4月24日,碧桂园四季阳光花园,肇庆市高要区金渡碧桂园房地产开发有限公司,广东省肇庆市高要区金渡镇东升路68号碧桂园四季阳光花园12栋,12栋,18804,0,0,0,180,0,0,0
528,2019015,2019年4月30日,广东信基创新科技园,广东信基创新科技园开发有限公司,肇庆市高要区金利镇金湾南路10号,A-2~A-9栋,0,0,0,6560.94,0,0,0,8
529,2019014,2019年4月15日,金色大地花园3号楼,高要添林实业有限公司,广东省肇庆市高要区金渡镇沙头社区金城路71号金色大地花园,3号楼  32层/141套,12822.84,708.91,0,0,124,17,0,0
530,2019013,2019年3月29日,金色大地花园 13号楼,高要添林实业有限公司,广东省肇庆市高要区金渡镇沙头社区金城路71号金色大地花园,13号楼  33层/144套,13113.6,550.02,0,0,128,16,0,0
531,2019012,2019年3月29日,金色大地花园9号楼,高要添林实业有限公司,广东省肇庆市高要区金渡镇沙头社区金城路71号金色大地花园,9号楼 33层/144套,13096.64,564.63,0,0,128,16,0,0
532,2019011,2019年3月29日,金色大地花园8号楼,高要添林实业有限公司,广东省肇庆市高要区金渡镇沙头社区金城路71号金色大地花园,8号楼 33层/96套,11712,0,0,0,96,0,0,0
533,2019010,2019年3月29日,养生谷,肇庆亨昌实业投资有限公司,肇庆市高要区回龙镇绿茵大道4号,绿地樾湖3栋、22层/88套,8899.84,0,0,0,88,0,0,0
534,2019009,2019年3月29日,养生谷,肇庆亨昌实业投资有限公司,肇庆市高要区回龙镇绿茵大道4号,绿地樾湖2栋、19层/108套,8977.4,0,0,0,108,0,0,0
535,2019008,2019年3月29日,养生谷,肇庆亨昌实业投资有限公司,肇庆市高要区回龙镇绿茵大道4号,绿地樾湖1栋、19层/110套,9141.52,0,0,0,110,0,0,0
536,2019007,2019年2月21日,广东信基创新科技园,广东信基创新科技园开发有限公司,肇庆市高要区金利镇金湾南路11号,D-8~D-11栋、D-16~D-19栋,0,0,0,17631.06,0,0,0,8
537,2019006,2019年1月22日,紫云汇花园,肇庆宇浩地产发展有限公司,广东省肇庆市高要区蚬岗镇宇浩大道6号,2幢3层/16套,3054.02,0,0,0,16,0,0,0
538,2019005,2019年1月11日,肇庆珀丽湾商住区,肇庆信业房地产发展有限公司,肇庆市高要区南岸万福路1号,1-1栋16层、1-2栋16层/126套,12771.88,678.94,0,0,112,14,0,0
539,2019004,2019年1月11日,恒大世纪梦幻花园,广东聚廷峰房地产开发有限公司,肇庆市高要区回龙镇高尔夫度假村,A30区8栋、9栋共2层/13套,0,1496.78,0,0,0,13,0,0
540,2019003,2019年1月9日,紫云汇花园,肇庆宇浩地产发展有限公司,广东省肇庆市高要区蚬岗镇宇浩大道6号,3幢3层/20套,3783.2,0,0,0,20,0,0,0
541,2018088,2018年12月29日,金色大地花园 12号楼,高要添林实业有限公司,广东省肇庆市高要区金渡镇沙头社区金城路71号金色大地花园,12号楼  33层/136套,13127.68,289.69,0,0,128,8,0,0
542,2018087,2018年12月29日,金色大地花园 10号楼,高要添林实业有限公司,广东省肇庆市高要区金渡镇沙头社区金城路71号金色大地花园,10号楼  33层/139套,13131.52,386.03,0,0,128,11,0,0
543,2018086,2018年12月28日,恒大世纪梦幻花园,广东聚廷峰房地产开发有限公司,肇庆市高要区回龙镇高尔夫渡假村,A30区6栋共2层/14套,0,994.18,0,0,0,14,0,0
544,2018085,2018年12月25日,高要碧桂园・龙熹山花园,肇庆市高要区必扬置业有限公司,肇庆市高要区科隆街12号,熙爵17栋,16131.22,0,0,0,130,0,0,0
545,2018084,2018年12月24日,金色大地花园 15号楼,高要添林实业有限公司,广东省肇庆市高要区金渡镇沙头社区金城路71号金色大地花园,15号楼  33层/144套,13120.64,554.01,0,0,128,16,0,0
546,2018083,2018年12月24日,金色大地花园 11号楼,高要添林实业有限公司,广东省肇庆市高要区金渡镇沙头社区金城路71号金色大地花园,11号楼  33层/96套,11740.48,0,0,0,96,0,0,0
547,2018082,2018年12月26日,养生谷,肇庆亨昌实业投资有限公司,肇庆市高要区白土镇大旗村,果岭7栋、26层/104套,10520.3,0,0,0,104,0,0,0
548,2018081,2018年12月26日,养生谷,肇庆亨昌实业投资有限公司,肇庆市高要区白土镇大旗村,果岭6栋、26层/104套,10520.3,0,0,0,104,0,0,0
549,2018080,2018年12月26日,养生谷,肇庆亨昌实业投资有限公司,肇庆市高要区白土镇大旗村,果岭4栋、26层/104套,10520.3,0,0,0,104,0,0,0
550,2018079,2018年12月26日,养生谷,肇庆亨昌实业投资有限公司,肇庆市高要区白土镇大旗村,果岭2栋、26层/104套,10520.3,0,0,0,104,0,0,0
551,2018078,2018年12月26日,养生谷,肇庆亨昌实业投资有限公司,肇庆市高要区白土镇大旗村,果岭1栋、26层/155套,12534.89,0,0,0,155,0,0,0
552,2018077,2018年12月25日,金�蟪腔ㄔ�13栋,肇庆祥腾房地产开发有限公司,肇庆市高要区禄步镇新龙东路8号,13栋31层/120套,11608.2,0,0,0,120,0,0,0
553,2018076,2018年12月19日,景湖湾,肇庆金城房地产发展有限公司,高要区金渡镇世纪大道21号,景湖街B幢/58套,2652.4,0,0,643.32,40,0,0,18
554,2018075,2018年12月19日,景湖湾,肇庆金城房地产发展有限公司,高要区金渡镇世纪大道21号,景湖街A幢/58套,2652.4,0,0,643.32,40,0,0,18
555,2018074,2018年12月18日,高要碧桂园・龙熹山花园,肇庆市高要区必扬置业有限公司,肇庆市高要区科隆街12号,翡丽郡六街1、2、3、6、8、9、10、11、19、21、23、29号/12套,2647.28,0,0,0,12,0,0,0
556,2018073,2018年12月6日,盈峰家园,肇庆市高要区谢礼乐房地产开发有限公司,肇庆市高要区南岸和平路12号,11座/20层/172套,17607.36,687.12,0,0,158,14,0,0
557,2018072,2018年11月30日,金色大地花园18号楼,高要添林实业有限公司,广东省肇庆市高要区金渡镇沙头社区金城路71号金色大地花园,18号楼  33层/140套,13114.88,410.18,0,0,128,12,0,0
558,2018071,2018年11月30日,金色大地花园 16号楼,高要添林实业有限公司,广东省肇庆市高要区金渡镇沙头社区金城路71号金色大地花园,16号楼  33层/137套,11921.6,332.54,0,0,128,9,0,0
559,2018070,2018年11月28日,金色大地花园 24、25号楼,高要添林实业有限公司,广东省肇庆市高要区金渡镇沙头社区金城路71号金色大地花园,24、25号楼 6层/20套,3237.96,0,0,0,20,0,0,0
560,2018069,2018年11月28日,肇庆珀丽湾商住区,肇庆信业房地产发展有限公司,高要市南岸万福路1号,2-1栋、2-2栋/127套,12771.04,756.17,0,0,112,15,0,0
561,2018068,2018年11月23日,高要碧桂园・龙熹山花园,肇庆市高要区必扬置业有限公司,肇庆市高要区科隆街12号,熙爵7栋,19460.8,0,0,0,196,0,0,0
562,2018067,2018年11月23日,高要碧桂园・龙熹山花园,肇庆市高要区必扬置业有限公司,肇庆市高要区科隆街12号,熙爵6栋,19462.76,0,0,0,196,0,0,0
563,2018066,2018年11月23日,紫云汇花园,肇庆宇浩地产发展有限公司,肇庆市高要区蚬岗镇宇浩大道6号,5幢3层/28套,5324.85,0,0,0,28,0,0,0
564,2018065,2018年10月31日,金色大地花园17号楼,高要添林实业有限公司,广东省肇庆市高要区金渡镇沙头社区金城路71号金色大地花园,17号楼  33层/96套,11736.32,0,0,0,96,0,0,0
565,2018064,2018年10月29日,金色大地花园14号楼,高要添林实业有限公司,广东省肇庆市高要区金渡镇沙头社区金城路71号金色大地花园,14号楼  33层/128套,13128.64,0,0,0,128,0,0,0
566,2018063,2018年10月29日,恒大世纪梦幻花园,广东聚廷峰房地产开发有限公司,肇庆市高要区回龙镇恒大世纪梦幻花园,A21区22栋共29层/232套,19659.34,0,0,0,232,0,0,0
567,2018060,2018年11月29日,养生谷,肇庆亨昌实业投资有限公司,肇庆市高要区白土镇大旗村,果岭3栋 、26层/104套,10520.3,0,0,0,104,0,0,0
568,2018059,2018年10月24日,高要碧桂园・龙熹山花园,肇庆市高要区必扬置业有限公司,肇庆市高要区科隆街12号,翡丽郡三街1、2、3、6、8、9、10、11、12、16、18、19、20、21、23、29、31、33号；3层/18套,4028.2,0,0,0,18,0,0,0
569,2018058,2018年10月26日,养生谷,肇庆亨昌实业投资有限公司,肇庆市高要区白土镇大旗村,果岭5栋、8栋26层/208套,21040.6,0,0,0,208,0,0,0
